"date","min","mean","max","sd","cov","count","region"
"1998-01-15",0.17527377605438232,0.6492785111799104,1.0,0.17445308634473075,0.2686876022243574,715,"N cold"
"1998-02-15",0.16965478658676147,0.7276138224673024,1.0,0.22058197785174477,0.3031580366405935,903,"N cold"
"1998-03-15",0.1474623680114746,0.7541013554233685,1.0,0.24280265636677226,0.3219761569457168,933,"N cold"
"1998-04-15",0.11357242614030838,0.7471753077347937,1.0,0.268715809753149,0.35964225125133337,933,"N cold"
"1998-05-15",0.07430443912744522,0.6254064637282174,1.0,0.3194100185246216,0.5107238844647238,934,"N cold"
"1998-06-15",0.03928447142243385,0.35854435507706095,1.0,0.3201827989041012,0.8930075020572703,935,"N cold"
"1998-07-15",0.02823728322982788,0.25344480907257905,1.0,0.3220705083893706,1.2707717690802625,936,"N cold"
"1998-08-15",0.03836064040660858,0.281741237415112,1.0,0.3084657816274774,1.094854925951042,936,"N cold"
"1998-09-15",0.05658118799328804,0.40975731288472905,1.0,0.2900641468932971,0.7078925446167609,936,"N cold"
"1998-10-15",0.10749192535877228,0.5677449991926546,1.0,0.26311645015926355,0.4634412465691828,936,"N cold"
"1998-11-15",0.14447280764579773,0.5704910176162106,1.0,0.19262057088939685,0.3376399714306799,804,"N cold"
"1998-12-15",0.1709982007741928,0.5253747099833974,1.0,0.16427810601350729,0.31268750263730566,517,"N cold"
"1999-01-15",0.16986680030822754,0.6454397569169524,1.0,0.1761580554631877,0.27292718425749785,715,"N cold"
"1999-02-15",0.16687659919261932,0.7168649331246756,1.0,0.22253062899021514,0.31042197589474374,903,"N cold"
"1999-03-15",0.1438731700181961,0.7436593651356278,1.0,0.24280672835868833,0.32650261630794564,933,"N cold"
"1999-04-15",0.07251857221126556,0.7340280503385953,1.0,0.2719702515354596,0.370517518247435,933,"N cold"
"1999-05-15",0.07912398129701614,0.6034458864647785,1.0,0.32356072633255406,0.5361884695711476,934,"N cold"
"1999-06-15",0.04825420305132866,0.3672002267510816,1.0,0.3318358789408868,0.9036919227335671,935,"N cold"
"1999-07-15",0.02452031336724758,0.2647956949399989,1.0,0.3250108578333949,1.227402348467336,936,"N cold"
"1999-08-15",0.03561738133430481,0.2794551043970205,1.0,0.31579848479602896,1.1300508733860006,936,"N cold"
"1999-09-15",0.06495649367570877,0.3623400906928706,1.0,0.3006713978896129,0.8298043898886978,936,"N cold"
"1999-10-15",0.089388906955719,0.5441927510735572,1.0,0.27673592706337097,0.5085255665707411,936,"N cold"
"1999-11-15",0.0986681878566742,0.5553232370620942,1.0,0.20633787751779387,0.37156355748664976,804,"N cold"
"1999-12-15",0.1578035205602646,0.5174039636001827,1.0,0.16632984248754307,0.32146998126993925,517,"N cold"
"2000-01-15",0.15539784729480743,0.6325810969292688,1.0,0.17619087454700255,0.27852693575935783,715,"N cold"
"2000-02-15",0.15466149151325226,0.700508257376163,1.0,0.22433415530372275,0.3202448407160724,933,"N cold"
"2000-03-15",0.1226273626089096,0.7232726927994382,1.0,0.2482646918763586,0.34325185279074516,933,"N cold"
"2000-04-15",0.10301168262958527,0.7099988984157667,1.0,0.27969957835343306,0.3939436793177169,933,"N cold"
"2000-05-15",0.06956673413515091,0.5751479089547277,1.0,0.3301026093384257,0.5739438572216203,934,"N cold"
"2000-06-15",0.04744310677051544,0.3572138311630268,1.0,0.33418198979093827,0.9355236573648316,935,"N cold"
"2000-07-15",0.018638113513588905,0.25836350942731023,1.0,0.3260992261910406,1.2621721500604852,936,"N cold"
"2000-08-15",0.022697899490594864,0.27053280309057565,1.0,0.3188418558418157,1.17857003734614,936,"N cold"
"2000-09-15",0.057396601885557175,0.3767854437176293,1.0,0.29579071741388935,0.7850375388587489,936,"N cold"
"2000-10-15",0.07468036562204361,0.5223727497296077,1.0,0.26831967555914205,0.5136555758278558,936,"N cold"
"2000-11-15",0.07904684543609619,0.5508543608144887,1.0,0.2020825097573271,0.36685288187340404,804,"N cold"
"2000-12-15",0.16445933282375336,0.5249338601959053,1.0,0.16354840549166458,0.3115600228772218,517,"N cold"
"2001-01-15",0.17984241247177124,0.645410797354224,1.0,0.17788862622645432,0.27562077820155034,715,"N cold"
"2001-02-15",0.1534324288368225,0.7193572095297233,1.0,0.22644414147780684,0.3147867825302588,903,"N cold"
"2001-03-15",0.15772143006324768,0.7443904793498836,1.0,0.2530367374297818,0.33992473634371634,933,"N cold"
"2001-04-15",0.08519523590803146,0.7170683829730722,1.0,0.29679879489997923,0.4139058448922365,933,"N cold"
"2001-05-15",0.06714245676994324,0.5520968758511088,1.0,0.341128185458023,0.6178774059029805,934,"N cold"
"2001-06-15",0.04423967003822327,0.3150334045251099,1.0,0.33199154780210877,1.0538296670556635,935,"N cold"
"2001-07-15",0.016581624746322632,0.2419672177579153,1.0,0.32706225882424206,1.3516800410188752,936,"N cold"
"2001-08-15",0.019288022071123123,0.2403505466237635,1.0,0.3226454148782298,1.3423951782530699,936,"N cold"
"2001-09-15",0.024209290742874146,0.3100556561755196,1.0,0.31080560115599587,1.002418743104792,936,"N cold"
"2001-10-15",0.05611003562808037,0.4977125596955541,1.0,0.28017786738246286,0.5629310772343075,936,"N cold"
"2001-11-15",0.08056008070707321,0.5625890547511596,1.0,0.2078814969708377,0.3695086052870089,804,"N cold"
"2001-12-15",0.14252308011054993,0.5245198838888324,1.0,0.16429923926895001,0.3132373896883037,517,"N cold"
"2002-01-15",0.1579587757587433,0.6435994347492284,1.0,0.17725772616597904,0.2754162241224553,715,"N cold"
"2002-02-15",0.15147501230239868,0.7132728347020552,1.0,0.22508567026636103,0.3155674228927879,903,"N cold"
"2002-03-15",0.1406981647014618,0.7372267134407855,1.0,0.2559086686414166,0.3471234343191924,934,"N cold"
"2002-04-15",0.07947099208831787,0.7278448766699706,1.0,0.2923699802249313,0.40169270897746767,934,"N cold"
"2002-05-15",0.05556945502758026,0.5693108144652995,1.0,0.34059333076543397,0.5982555084349162,934,"N cold"
"2002-06-15",0.04497334733605385,0.31885141725925836,1.0,0.3263495766326203,1.0235161550725214,935,"N cold"
"2002-07-15",0.01734529435634613,0.24038600103738592,1.0,0.32596844510328415,1.3560209150972484,936,"N cold"
"2002-08-15",0.01833209954202175,0.24681825097252286,1.0,0.3181748888970304,1.2891060026693542,936,"N cold"
"2002-09-15",0.027390925213694572,0.31526628353943476,1.0,0.30553464382020296,0.9691319997496195,936,"N cold"
"2002-10-15",0.06441695243120193,0.5070149889932234,1.0,0.27538927574664934,0.5431580559255027,936,"N cold"
"2002-11-15",0.1020398959517479,0.5503835750289663,1.0,0.21084544951422027,0.3830881935441544,804,"N cold"
"2002-12-15",0.1695690155029297,0.5231608007413041,1.0,0.16602610754482786,0.31735196388868114,517,"N cold"
"2003-01-15",0.1862415224313736,0.6423465256715982,1.0,0.17740495210415416,0.2761826288679158,715,"N cold"
"2003-02-15",0.19339905679225922,0.7094978296578519,1.0,0.22301869827506923,0.3143331648845462,903,"N cold"
"2003-03-15",0.11951644718647003,0.7255545174832759,1.0,0.25509331344155994,0.351583936554347,933,"N cold"
"2003-04-15",0.08012660592794418,0.7098836660992035,1.0,0.30006164619249426,0.42269129509814896,933,"N cold"
"2003-05-15",0.07675234973430634,0.6058327027255523,1.0,0.34650470951305595,0.5719478462522445,934,"N cold"
"2003-06-15",0.0632530078291893,0.36482154452067717,1.0,0.32897052662202003,0.9017299870659772,935,"N cold"
"2003-07-15",0.019891446456313133,0.25033952369410384,1.0,0.32667957057104163,1.3049460418811838,936,"N cold"
"2003-08-15",0.02386600710451603,0.2583003627717424,1.0,0.3185411540857323,1.2332199253131677,936,"N cold"
"2003-09-15",0.03659379854798317,0.3162374923077334,1.0,0.30065890311577514,0.9507376905936296,936,"N cold"
"2003-10-15",0.0,0.4853125608378909,1.0,0.27133789644031886,0.5590992657842085,936,"N cold"
"2003-11-15",0.12022751569747925,0.5543287507819008,1.0,0.2069770115957841,0.3733831436739219,804,"N cold"
"2003-12-15",0.15976010262966156,0.5276401342114351,1.0,0.1621064219279748,0.30722913481599523,517,"N cold"
"2004-01-15",0.1741838902235031,0.6364834934889853,1.0,0.17455109153639392,0.2742429196074896,715,"N cold"
"2004-02-15",0.15909376740455627,0.7133108679632407,1.0,0.21449271170364598,0.30070018744576243,933,"N cold"
"2004-03-15",0.16141024231910706,0.7106640815798737,1.0,0.23381083974502623,0.3290033164828628,933,"N cold"
"2004-04-15",0.09656190872192383,0.7099879696038881,1.0,0.2654854372020156,0.3739294869321991,933,"N cold"
"2004-05-15",0.0752938911318779,0.6055138565887098,1.0,0.31612624569250974,0.5220792922452241,934,"N cold"
"2004-06-15",0.056709323078393936,0.3764090227132498,1.0,0.33416903705047735,0.8877816866389224,935,"N cold"
"2004-07-15",0.027379490435123444,0.2600850885630479,1.0,0.3249728670964296,1.249486731022844,936,"N cold"
"2004-08-15",0.037477556616067886,0.2709297609921451,1.0,0.3167205246842365,1.169013413382146,936,"N cold"
"2004-09-15",0.06049726530909538,0.36442059981756086,1.0,0.2987721843222705,0.8198553662220088,936,"N cold"
"2004-10-15",0.07095426321029663,0.5539145209770802,1.0,0.26538653006767093,0.4791109819607926,936,"N cold"
"2004-11-15",0.0904201939702034,0.5722688643715876,1.0,0.20784034427537437,0.36318653209205304,804,"N cold"
"2004-12-15",0.15892203152179718,0.5275936404844782,1.0,0.16536790554713907,0.3134380190695346,517,"N cold"
"2005-01-15",0.16489861905574799,0.6449423668476251,1.0,0.1763335015493007,0.2734097038952342,715,"N cold"
"2005-02-15",0.18177814781665802,0.7174106734667641,1.0,0.21983275327755378,0.3064252615803019,903,"N cold"
"2005-03-15",0.13876904547214508,0.75188566634126,1.0,0.2408937479476337,0.3203861421109985,933,"N cold"
"2005-04-15",0.07336820662021637,0.7307925210089798,1.0,0.28133029750544025,0.3849660326531767,933,"N cold"
"2005-05-15",0.07122701406478882,0.560211853700545,1.0,0.34339033660806295,0.6129651387055769,934,"N cold"
"2005-06-15",0.05054659768939018,0.330680108066389,1.0,0.33174842470623134,1.0032306649652718,935,"N cold"
"2005-07-15",0.025947077199816704,0.24839527504399234,1.0,0.32032073053524607,1.289560481689981,936,"N cold"
"2005-08-15",0.03162268549203873,0.266427168459432,1.0,0.3157209485807297,1.1850178433615846,936,"N cold"
"2005-09-15",0.056073397397994995,0.3478172588615838,1.0,0.3040668523843778,0.874214388841996,936,"N cold"
"2005-10-15",0.01301770843565464,0.5294028543847269,1.0,0.2751808060772656,0.5197947154952183,936,"N cold"
"2005-11-15",0.0,0.5715617273392071,1.0,0.21195470480601453,0.37083432054264354,804,"N cold"
"2005-12-15",0.1739121675491333,0.5196731150784396,1.0,0.1630181842603106,0.31369370385016854,517,"N cold"
"1998-01-15",0.058632902801036835,0.2587516372506858,1.0,0.18119450069085424,0.7002641707550162,595,"N subtropics"
"1998-02-15",0.053379762917757034,0.2528287284389266,1.0,0.17876169843282372,0.7070466221800639,595,"N subtropics"
"1998-03-15",0.05468225106596947,0.2456407862175411,1.0,0.1704399508046539,0.6938585136008772,595,"N subtropics"
"1998-04-15",0.05590392276644707,0.22972769680894728,0.9869261384010315,0.13769656690662047,0.5993903600623987,595,"N subtropics"
"1998-05-15",0.06109396368265152,0.2152485623079188,0.7772737145423889,0.10929935626111437,0.5077820501525986,595,"N subtropics"
"1998-06-15",0.05873594060540199,0.21379739219526298,0.5776398181915283,0.09847507470999603,0.4605999806585943,595,"N subtropics"
"1998-07-15",0.0636235922574997,0.2183726449348347,0.5506619215011597,0.09593801575925569,0.4393316561599777,595,"N subtropics"
"1998-08-15",0.06152377277612686,0.21084312716452014,0.5799374580383301,0.0933745275995911,0.4428625625853637,595,"N subtropics"
"1998-09-15",0.047744814306497574,0.2029550090682607,0.6377347707748413,0.0993898847684382,0.4897138790745982,595,"N subtropics"
"1998-10-15",0.045386604964733124,0.21265078274642712,0.8669115304946899,0.11498887510491973,0.5407404271915464,595,"N subtropics"
"1998-11-15",0.0508216917514801,0.2175438378788843,1.0,0.11627700020641056,0.5344991673409145,595,"N subtropics"
"1998-12-15",0.045454226434230804,0.2243667715612578,0.8083886504173279,0.11551394551838962,0.5148442646590892,595,"N subtropics"
"1999-01-15",0.04879419505596161,0.23385021764190297,0.8744142651557922,0.12992139501398478,0.555575258060844,595,"N subtropics"
"1999-02-15",0.050425343215465546,0.22955788822234177,1.0,0.13409021378541403,0.5841237468413149,595,"N subtropics"
"1999-03-15",0.052130259573459625,0.22932213973097437,0.9393293261528015,0.13209485503034654,0.5760231226924339,595,"N subtropics"
"1999-04-15",0.058511946350336075,0.22103753243299107,0.8699918389320374,0.11450137745990194,0.5180178053906468,595,"N subtropics"
"1999-05-15",0.05749700218439102,0.21762385568698908,0.6389015913009644,0.1040701466346381,0.47821111479765066,595,"N subtropics"
"1999-06-15",0.0628165751695633,0.21868489974436636,0.47517409920692444,0.09492863382608516,0.4340886542100201,595,"N subtropics"
"1999-07-15",0.06349855661392212,0.21671710498944036,0.47388139367103577,0.0918401214588032,0.4237788312245965,595,"N subtropics"
"1999-08-15",0.05960753187537193,0.20684406284649842,0.48628899455070496,0.09200094545207681,0.4447840764003551,595,"N subtropics"
"1999-09-15",0.05387416481971741,0.20422972134557096,0.5194783210754395,0.09896573087919219,0.4845804529681322,595,"N subtropics"
"1999-10-15",0.05344133824110031,0.21614983099974494,0.7013373374938965,0.11482961315760717,0.5312500714272715,595,"N subtropics"
"1999-11-15",0.05627400055527687,0.22505433722829615,0.8246750235557556,0.12209146170155097,0.5424977061326343,595,"N subtropics"
"1999-12-15",0.06036750227212906,0.230005076252112,0.9370954036712646,0.121040556538035,0.5262516745733066,595,"N subtropics"
"2000-01-15",0.05442101135849953,0.24620817394441916,0.9996041655540466,0.13969164791101885,0.5673720968441684,595,"N subtropics"
"2000-02-15",0.0544464997947216,0.25615331705252636,1.0,0.15635969918171697,0.6104145008969535,595,"N subtropics"
"2000-03-15",0.05618986859917641,0.2441181613054095,0.8592818379402161,0.1358374359849347,0.5564413366811829,595,"N subtropics"
"2000-04-15",0.0638262927532196,0.2342327181531601,0.7956967949867249,0.11498910995102118,0.4909182237975486,595,"N subtropics"
"2000-05-15",0.05830899998545647,0.22553187611849376,0.49574705958366394,0.09548142555814325,0.4233611106395337,595,"N subtropics"
"2000-06-15",0.05945049226284027,0.22266055493294687,0.4781888723373413,0.09100825449597368,0.4087309246282098,595,"N subtropics"
"2000-07-15",0.060798995196819305,0.2211105675506991,0.5603402853012085,0.09374959046483848,0.423994165015846,595,"N subtropics"
"2000-08-15",0.06104182451963425,0.21561042164303673,0.6229120492935181,0.09450198781190688,0.4382997217470489,595,"N subtropics"
"2000-09-15",0.068030945956707,0.212159854348968,0.48096945881843567,0.0962148761700179,0.45350180157910686,595,"N subtropics"
"2000-10-15",0.06075992062687874,0.21858024796893616,0.5124906301498413,0.09829318886819122,0.4496892550060621,595,"N subtropics"
"2000-11-15",0.04634338617324829,0.2108978976910356,0.6238557696342468,0.10622608496526209,0.5036848926814946,595,"N subtropics"
"2000-12-15",0.04355931654572487,0.21702602990910766,0.6828779578208923,0.11714489301325554,0.5397734689351171,595,"N subtropics"
"2001-01-15",0.04411211609840393,0.2252157439516872,0.8753767609596252,0.11963431957426374,0.5311987407058337,595,"N subtropics"
"2001-02-15",0.042962174862623215,0.2204100833908349,0.9044256806373596,0.11752756562837503,0.5332222728665873,595,"N subtropics"
"2001-03-15",0.047431133687496185,0.21030224396401087,0.7037574648857117,0.10896953137541839,0.5181567696161454,595,"N subtropics"
"2001-04-15",0.05032136291265488,0.21517981968256614,0.6297851800918579,0.1013292984692503,0.470905211365692,595,"N subtropics"
"2001-05-15",0.053856804966926575,0.22103966310495088,0.5393234491348267,0.09390889573660056,0.4248508815904777,595,"N subtropics"
"2001-06-15",0.058380406349897385,0.22234452559041396,0.4766668677330017,0.09062969960171934,0.4076093142435646,595,"N subtropics"
"2001-07-15",0.05784638226032257,0.2213421250216101,0.48248469829559326,0.08987980722892627,0.40606733679886337,595,"N subtropics"
"2001-08-15",0.05395985022187233,0.21503706625154034,0.4919392764568329,0.09161411814423559,0.42603872783992347,595,"N subtropics"
"2001-09-15",0.030985036864876747,0.20256890068222014,0.49617063999176025,0.10021682347312301,0.4947295618212299,595,"N subtropics"
"2001-10-15",0.04325080290436745,0.20079770696138136,0.5283541083335876,0.1074727478496243,0.5352289599118486,595,"N subtropics"
"2001-11-15",0.04245496913790703,0.20718737334138224,0.541225254535675,0.10763597454811952,0.5195103003249524,595,"N subtropics"
"2001-12-15",0.042314302176237106,0.2159422023519247,0.6342824697494507,0.11691159726264395,0.5414022640748617,595,"N subtropics"
"2002-01-15",0.045971620827913284,0.22974934182247184,0.9090025424957275,0.1401604651471393,0.6100581792109847,595,"N subtropics"
"2002-02-15",0.04610837623476982,0.22569919910375816,0.8382974863052368,0.1313160664107036,0.5818189294962236,595,"N subtropics"
"2002-03-15",0.04830630123615265,0.21816149772215276,0.9630188941955566,0.12103813513141926,0.5548097918064884,595,"N subtropics"
"2002-04-15",0.05159906670451164,0.21902323155468262,0.8171223402023315,0.10577550919651711,0.48294196211833623,595,"N subtropics"
"2002-05-15",0.054849833250045776,0.22185313184471697,0.49518021941185,0.09386677695060948,0.4231032312688298,595,"N subtropics"
"2002-06-15",0.057580962777137756,0.22604869038117031,0.4928678274154663,0.08716071467711729,0.38558380732108727,595,"N subtropics"
"2002-07-15",0.06553897261619568,0.22824644009355718,0.5427207946777344,0.08775332779054712,0.3844674543645782,595,"N subtropics"
"2002-08-15",0.06452789902687073,0.21687209066473134,0.6571409106254578,0.09550692681459232,0.44038366818826474,595,"N subtropics"
"2002-09-15",0.046692054718732834,0.20712272174844237,0.6161980628967285,0.10255569513433202,0.49514458997352023,595,"N subtropics"
"2002-10-15",0.03865819051861763,0.20693785288378974,0.5192681550979614,0.10927949730166384,0.5280788206642504,595,"N subtropics"
"2002-11-15",0.04299319535493851,0.20998321293281907,0.5312837362289429,0.1097533173186219,0.5226766263155321,595,"N subtropics"
"2002-12-15",0.06159418448805809,0.2234652100052656,0.6580711007118225,0.11792795457749072,0.5277240004147041,595,"N subtropics"
"2003-01-15",0.05982951819896698,0.22600575828251718,0.8281461596488953,0.12384749202836122,0.5479837901897454,595,"N subtropics"
"2003-02-15",0.04990328848361969,0.2312706268697727,0.9297466278076172,0.13223935865297198,0.5717948727117659,595,"N subtropics"
"2003-03-15",0.04964591935276985,0.227487867745031,0.9286043047904968,0.12685802887125325,0.5576474478781263,595,"N subtropics"
"2003-04-15",0.05077960342168808,0.2206084926651806,0.6725648641586304,0.11021322925862106,0.49958742715264653,595,"N subtropics"
"2003-05-15",0.05878527835011482,0.22626241731668745,0.6287980675697327,0.10684337873202734,0.47221001171610555,595,"N subtropics"
"2003-06-15",0.06284546852111816,0.22669699250900455,0.4756942093372345,0.09462124879164417,0.41739084292388995,595,"N subtropics"
"2003-07-15",0.07370128482580185,0.22261510354881528,0.508784294128418,0.09202408155678822,0.41337752960058743,595,"N subtropics"
"2003-08-15",0.049884133040905,0.2169369702078715,0.5540485978126526,0.09244954828133665,0.4261585666691594,595,"N subtropics"
"2003-09-15",0.04405142366886139,0.20357511930105074,0.48632553219795227,0.101850649879746,0.500309911296809,595,"N subtropics"
"2003-10-15",0.04676051810383797,0.2029244557210879,0.5362334251403809,0.11036279268524937,0.5438614694965053,595,"N subtropics"
"2003-11-15",0.041226826608181,0.21158607657842274,0.6225541234016418,0.1114161627213712,0.5265760607838279,595,"N subtropics"
"2003-12-15",0.0424354150891304,0.22361021823241953,0.8067678809165955,0.12324608644078126,0.5511648233922826,595,"N subtropics"
"2004-01-15",0.0440475195646286,0.2426087871193889,1.0,0.15792955277589005,0.6509638610005176,595,"N subtropics"
"2004-02-15",0.0596923902630806,0.2370662307914564,1.0,0.1485122989092918,0.6264591055987887,595,"N subtropics"
"2004-03-15",0.058554671704769135,0.2183048025024039,0.7546283006668091,0.11689315345909691,0.5354584604606201,595,"N subtropics"
"2004-04-15",0.05462532863020897,0.21355685836502497,0.7262013554573059,0.11073563718776956,0.5185299972829398,595,"N subtropics"
"2004-05-15",0.05006977915763855,0.21559159353751087,0.6076345443725586,0.1036298073201105,0.48067647545858466,595,"N subtropics"
"2004-06-15",0.04461444541811943,0.22072602245612297,0.5246598720550537,0.09997251876818693,0.4529258383571877,595,"N subtropics"
"2004-07-15",0.04618613421916962,0.21669127163516397,0.5117408633232117,0.09803811838583486,0.452432244483287,595,"N subtropics"
"2004-08-15",0.04452855512499809,0.2094634855995659,0.506879985332489,0.09852147317006622,0.47035154069006097,595,"N subtropics"
"2004-09-15",0.043028153479099274,0.20379919753480366,0.6300182938575745,0.10517105098065503,0.5160523311810122,595,"N subtropics"
"2004-10-15",0.009064157493412495,0.21505561141813762,0.7781825661659241,0.11783568395558122,0.5479312219687705,595,"N subtropics"
"2004-11-15",0.04044175520539284,0.21889177949613892,0.9150064587593079,0.12224320486183757,0.5584641193160652,595,"N subtropics"
"2004-12-15",0.04257780686020851,0.2298379417414924,0.8801214694976807,0.1320416614534426,0.5744989728543382,595,"N subtropics"
"2005-01-15",0.04469074308872223,0.2534139881364434,1.0,0.16262610441490286,0.6417408352665267,595,"N subtropics"
"2005-02-15",0.05068645998835564,0.2627482363782007,1.0,0.18161354436783295,0.6912074724886746,595,"N subtropics"
"2005-03-15",0.05120778828859329,0.2424294048121996,1.0,0.15350005124431065,0.6331742280323669,595,"N subtropics"
"2005-04-15",0.0552796833217144,0.23550620005786913,0.894373893737793,0.1392083759511403,0.59110280713176,595,"N subtropics"
"2005-05-15",0.05130928009748459,0.2302461891051601,0.7537017464637756,0.12237948221244226,0.5315157774730769,595,"N subtropics"
"2005-06-15",0.04936051368713379,0.22265346316980714,0.5296005010604858,0.10158455984561297,0.45624513717147663,595,"N subtropics"
"2005-07-15",0.05697740614414215,0.22114020396931824,0.4745277166366577,0.09549227692915455,0.4318178025303959,595,"N subtropics"
"2005-08-15",0.05174198001623154,0.21257614313053474,0.48311111330986023,0.09738649168354997,0.45812521691932623,595,"N subtropics"
"2005-09-15",0.045328717678785324,0.2052164552091551,0.5448163151741028,0.10538595800642789,0.5135356124294189,595,"N subtropics"
"2005-10-15",0.04223472997546196,0.2137360941900427,0.6235652565956116,0.1190696495926534,0.5570872343479012,595,"N subtropics"
"2005-11-15",0.04029197245836258,0.21923961711405685,0.8448723554611206,0.12043216267526541,0.5493175196187831,595,"N subtropics"
"2005-12-15",0.057127807289361954,0.22151507794731815,0.702190637588501,0.11429653974514074,0.5159763425780133,595,"N subtropics"
"1998-01-15",0.04277264326810837,0.4987590763322475,1.0,0.2582112135648345,0.517707297606806,1074,"N temperate"
"1998-02-15",0.031081346794962883,0.4654352958513583,1.0,0.2699796805190218,0.580058459092975,1074,"N temperate"
"1998-03-15",0.03100200928747654,0.39810228269936415,1.0,0.2540085445760928,0.6380484503976407,1072,"N temperate"
"1998-04-15",0.016987603157758713,0.25397324546434885,1.0,0.16502241315772984,0.6497629813566116,1072,"N temperate"
"1998-05-15",0.008906788192689419,0.15970263176977462,1.0,0.10129753514678591,0.634288452383272,1074,"N temperate"
"1998-06-15",0.0077815791592001915,0.12739495124782366,0.766029953956604,0.06301802471476224,0.4946665789931672,1074,"N temperate"
"1998-07-15",0.007636016700416803,0.12383478177664561,0.42822930216789246,0.053485142215690264,0.43190726747642394,1074,"N temperate"
"1998-08-15",0.007375698536634445,0.1238529133537586,0.434282511472702,0.0510980220091312,0.41257020626701724,1074,"N temperate"
"1998-09-15",0.009272580035030842,0.1378717339871663,0.5949132442474365,0.061104659711086244,0.44319932696845704,1074,"N temperate"
"1998-10-15",0.012213539332151413,0.1876466533887155,0.8339677453041077,0.0968199468020827,0.5159694833540003,1074,"N temperate"
"1998-11-15",0.018372826278209686,0.3247450666272768,0.961042046546936,0.15226086028137126,0.46886273550731805,1072,"N temperate"
"1998-12-15",0.02845710888504982,0.43300556117896194,1.0,0.21325754863976112,0.4925053342481701,1073,"N temperate"
"1999-01-15",0.02725452370941639,0.4689778132863635,1.0,0.23830610416430786,0.5081393989501914,1074,"N temperate"
"1999-02-15",0.03226218745112419,0.4559908750982093,1.0,0.251880268710758,0.5523800638697193,1074,"N temperate"
"1999-03-15",0.02405533753335476,0.39401325909073376,1.0,0.2431821811258199,0.6171928875871147,1072,"N temperate"
"1999-04-15",0.01963653787970543,0.24907520420870166,1.0,0.15294853924439075,0.6140656984716721,1072,"N temperate"
"1999-05-15",0.00893845222890377,0.16488159582490572,0.9958776235580444,0.09865221429828377,0.5983215640576797,1074,"N temperate"
"1999-06-15",0.006971319671720266,0.1339544351138973,0.6836006045341492,0.06624940337048896,0.49456670332833064,1074,"N temperate"
"1999-07-15",0.007636016700416803,0.124438955356216,0.4022532105445862,0.05462314658169803,0.43895536108717004,1074,"N temperate"
"1999-08-15",0.007375698536634445,0.11953983109468665,0.4330437481403351,0.05380983451488756,0.45014146349483436,1074,"N temperate"
"1999-09-15",0.008614718914031982,0.13189479586402944,0.6504382491111755,0.06186552485981855,0.46905205360487323,1074,"N temperate"
"1999-10-15",0.014659901149570942,0.1899244075864759,0.9789121747016907,0.10036579139320012,0.5284512542049227,1074,"N temperate"
"1999-11-15",0.01176229678094387,0.3024054107798348,0.8811423182487488,0.15344224855892996,0.5074057642131379,1072,"N temperate"
"1999-12-15",0.028195759281516075,0.4044393887786752,0.9627493619918823,0.18267478474319768,0.45167406986455605,1073,"N temperate"
"2000-01-15",0.03613244369626045,0.46706353178251325,1.0,0.21653367363456383,0.46360646657250065,1074,"N temperate"
"2000-02-15",0.0410086028277874,0.4421910174170193,1.0,0.24021316167055132,0.5432339242748847,1074,"N temperate"
"2000-03-15",0.02811274118721485,0.3639293483131799,1.0,0.2250962640054755,0.6185163825033659,1072,"N temperate"
"2000-04-15",0.014259276911616325,0.2398974654089252,1.0,0.14837004869436224,0.6184727647766229,1072,"N temperate"
"2000-05-15",0.010415542870759964,0.17189253581986103,0.863025963306427,0.1034152418267364,0.6016272977385878,1074,"N temperate"
"2000-06-15",0.008261019363999367,0.1395045946711186,0.6733315587043762,0.06281316760305206,0.4502587728463983,1074,"N temperate"
"2000-07-15",0.007743452209979296,0.12885176970665038,0.5663829445838928,0.05121770293402172,0.39749320518163,1074,"N temperate"
"2000-08-15",0.007354223635047674,0.12374290810192098,0.43498751521110535,0.05051672071000502,0.4082393204174325,1074,"N temperate"
"2000-09-15",0.007149532437324524,0.14064256651361692,0.57399582862854,0.05735680991381505,0.40781970448656313,1074,"N temperate"
"2000-10-15",0.004968639463186264,0.20436224016383486,0.79637211561203,0.09990192591654833,0.4888472833164194,1074,"N temperate"
"2000-11-15",0.010788585990667343,0.30227837565271615,1.0,0.18191247942516825,0.6018044758655354,1072,"N temperate"
"2000-12-15",0.014030246064066887,0.4232888869656547,1.0,0.24563722557888734,0.5803063419399861,1073,"N temperate"
"2001-01-15",0.03949717432260513,0.465706091540653,1.0,0.2640615634386526,0.5670133335921843,1074,"N temperate"
"2001-02-15",0.04770781472325325,0.45947689933830826,1.0,0.2786463833376813,0.6064426388768607,1074,"N temperate"
"2001-03-15",0.035413708537817,0.36004554516802617,1.0,0.22982107915910133,0.6383111310316264,1072,"N temperate"
"2001-04-15",0.020416615530848503,0.22381425431561208,1.0,0.1459535376159284,0.6521190442594053,1072,"N temperate"
"2001-05-15",0.008275018073618412,0.1513487364189769,0.9144337773323059,0.08176935995914097,0.5402711769775193,1074,"N temperate"
"2001-06-15",0.006970732938498259,0.13137316750145708,0.5392958521842957,0.0596626638058796,0.4541464968880945,1074,"N temperate"
"2001-07-15",0.006735375616699457,0.12180194029761428,0.4431490898132324,0.05416002837880003,0.4446565321247256,1074,"N temperate"
"2001-08-15",0.0068818642757833,0.11318417425957651,0.3716071546077728,0.05287999823589263,0.46720311016819077,1074,"N temperate"
"2001-09-15",0.007135333493351936,0.11292808524157757,0.3697982132434845,0.0523424628530719,0.46350261532461173,1074,"N temperate"
"2001-10-15",0.009501991793513298,0.13946711067699955,0.759741485118866,0.07268018290203083,0.5211277594353793,1074,"N temperate"
"2001-11-15",0.021586379036307335,0.2368100156969345,0.9344750642776489,0.1384423928537231,0.584613756501327,1072,"N temperate"
"2001-12-15",0.030456017702817917,0.4058442119429123,1.0,0.21410977450561053,0.5275664114577248,1073,"N temperate"
"2002-01-15",0.017518073320388794,0.43914727808203524,1.0,0.2372621502773794,0.5402792232109827,1074,"N temperate"
"2002-02-15",0.021942144259810448,0.3887943469275843,1.0,0.24403447913656226,0.6276698235584568,1074,"N temperate"
"2002-03-15",0.018257932737469673,0.3119599490318752,1.0,0.20690212766193436,0.6632329832852797,1072,"N temperate"
"2002-04-15",0.014644467271864414,0.22764858947945193,1.0,0.1627588588729563,0.7149565883325943,1072,"N temperate"
"2002-05-15",0.01064274087548256,0.16750470664806602,1.0,0.11679630868080682,0.6972718021959852,1074,"N temperate"
"2002-06-15",0.0077815791592001915,0.13229067989293777,0.6392149329185486,0.062349899373880656,0.47130984151219224,1074,"N temperate"
"2002-07-15",0.007636016700416803,0.12089694237893224,0.36849546432495117,0.050578763906604346,0.4183626393798551,1074,"N temperate"
"2002-08-15",0.007375698536634445,0.11467640998892949,0.341953843832016,0.04926796065108261,0.4296259418640572,1074,"N temperate"
"2002-09-15",0.007135333493351936,0.11546491043038629,0.3562712073326111,0.04853131796968931,0.42031226446885617,1074,"N temperate"
"2002-10-15",0.008303380571305752,0.1520778798564116,0.865053117275238,0.07941447442456656,0.5221960912365944,1074,"N temperate"
"2002-11-15",0.010684213601052761,0.2649603530394483,1.0,0.15590114767054633,0.5883942479776783,1072,"N temperate"
"2002-12-15",0.013980604708194733,0.41749810652229263,1.0,0.21997806630559077,0.5268959616080195,1073,"N temperate"
"2003-01-15",0.03698418661952019,0.4727557002492189,1.0,0.25480192732948065,0.5389716659051572,1074,"N temperate"
"2003-02-15",0.04513813555240631,0.48145688256488317,1.0,0.27592542903423833,0.5731051710472815,1074,"N temperate"
"2003-03-15",0.03394315764307976,0.3889157035242102,1.0,0.2540211294856129,0.653152154011184,1072,"N temperate"
"2003-04-15",0.01833278499543667,0.23894729083681965,1.0,0.16118964739649985,0.6745824438184506,1072,"N temperate"
"2003-05-15",0.011306891217827797,0.16664865338616436,0.9760296940803528,0.10606454453396104,0.6364560551724615,1074,"N temperate"
"2003-06-15",0.007473854348063469,0.1323772613765597,0.612148642539978,0.059412434058132485,0.4488114759311131,1074,"N temperate"
"2003-07-15",0.0076009659096598625,0.1225899781765558,0.4501620829105377,0.04782720400198186,0.3901395914525774,1074,"N temperate"
"2003-08-15",0.007375698536634445,0.11594254174052947,0.4489891231060028,0.04731966758315883,0.4081303279434448,1074,"N temperate"
"2003-09-15",0.007135333493351936,0.1214625171760316,0.6486131548881531,0.055171891632028645,0.45422977322353575,1074,"N temperate"
"2003-10-15",0.008303380571305752,0.17629837256889216,0.7309922575950623,0.08878476926432093,0.5036051551163723,1074,"N temperate"
"2003-11-15",0.010684213601052761,0.32799265766777025,1.0,0.18139087787075872,0.5530333488577444,1072,"N temperate"
"2003-12-15",0.03235067427158356,0.4335791623499334,1.0,0.23237739764848137,0.5359514889715434,1073,"N temperate"
"2004-01-15",0.03709515929222107,0.49413846147695967,1.0,0.24416220119055895,0.49411697373397756,1074,"N temperate"
"2004-02-15",0.033701322972774506,0.503451993636913,1.0,0.2687560166931286,0.5338265020099495,1074,"N temperate"
"2004-03-15",0.030955253168940544,0.3906322577777116,1.0,0.2368658121897665,0.6063652129941466,1072,"N temperate"
"2004-04-15",0.017773523926734924,0.24685700190663612,1.0,0.17955242095308185,0.727353972406221,1072,"N temperate"
"2004-05-15",0.011600670404732227,0.1786733202833951,1.0,0.13835596582922313,0.7743515686045106,1074,"N temperate"
"2004-06-15",0.008958944119513035,0.13254847838690784,0.8512341976165771,0.07233464837893487,0.5457222086532798,1074,"N temperate"
"2004-07-15",0.007640131749212742,0.11889624903394798,0.5361982583999634,0.053741231835447614,0.452001070446748,1074,"N temperate"
"2004-08-15",0.007354223635047674,0.11096845238185116,0.3762177526950836,0.05018368849474668,0.45223383238743087,1074,"N temperate"
"2004-09-15",0.00844654906541109,0.11936709690956984,0.8086071610450745,0.05894175434494212,0.4937856065109402,1074,"N temperate"
"2004-10-15",0.015331855043768883,0.17029217109378933,1.0,0.09280096753466201,0.5449514615886327,1074,"N temperate"
"2004-11-15",0.023789307102560997,0.2798149811725982,0.8821194767951965,0.1566457227287668,0.5598189277512025,1072,"N temperate"
"2004-12-15",0.014030246064066887,0.4245839339489153,1.0,0.22066780520333362,0.5197271671374257,1073,"N temperate"
"2005-01-15",0.016301272436976433,0.498816587788781,1.0,0.2520289061362218,0.5052536589720248,1074,"N temperate"
"2005-02-15",0.03418150916695595,0.5172550484357729,1.0,0.277705134655093,0.5368824054881611,1074,"N temperate"
"2005-03-15",0.03193044289946556,0.4203439840852327,1.0,0.2522940923436746,0.6002086431490767,1072,"N temperate"
"2005-04-15",0.01868733949959278,0.25770339796687924,1.0,0.17889237254533674,0.6941793315753193,1072,"N temperate"
"2005-05-15",0.012264986522495747,0.15991415357602212,1.0,0.10010803867206643,0.6260111218015216,1074,"N temperate"
"2005-06-15",0.007384939584881067,0.1256783611572122,0.7638304829597473,0.06277529758674916,0.4994916945823551,1074,"N temperate"
"2005-07-15",0.00721796415746212,0.11454514414635678,0.335750550031662,0.05383585892690512,0.4699968674195206,1074,"N temperate"
"2005-08-15",0.007458761800080538,0.10827800257389879,0.33447253704071045,0.05222011276883685,0.4822781315456672,1074,"N temperate"
"2005-09-15",0.008269906044006348,0.11800827914016454,0.4829111099243164,0.05643511410441912,0.47823012517103325,1074,"N temperate"
"2005-10-15",0.009645210579037666,0.16128405510990745,1.0,0.09630965453962347,0.5971430621210075,1074,"N temperate"
"2005-11-15",0.026723049581050873,0.2872745931416115,0.9684625267982483,0.15160685288373615,0.5277419462186892,1072,"N temperate"
"2005-12-15",0.03318952023983002,0.42344686025467165,1.0,0.19314642912825286,0.45612908550576975,1073,"N temperate"
"1998-01-15",0.01011602021753788,0.20138898533706032,0.5920089483261108,0.125111376033991,0.6212423972671337,592,"N tropics"
"1998-02-15",0.0477413609623909,0.20362701198413374,0.6182419061660767,0.12278723166080047,0.6030007043975474,592,"N tropics"
"1998-03-15",0.03981649503111839,0.2123947698761381,0.6011375784873962,0.11801002632508618,0.5556164419392525,592,"N tropics"
"1998-04-15",0.0,0.2131358338519931,0.5556262731552124,0.11455097178690311,0.5374552449329106,592,"N tropics"
"1998-05-15",0.0,0.21183633319152578,0.5369808673858643,0.11685145730425739,0.5516119711088913,592,"N tropics"
"1998-06-15",0.039313070476055145,0.21382329909986753,0.5373340845108032,0.11519236232721829,0.5387268965175631,592,"N tropics"
"1998-07-15",0.04466807842254639,0.21948867337778183,0.5332308411598206,0.11190381551472042,0.5098386800220558,592,"N tropics"
"1998-08-15",0.0,0.21162969979293952,1.0,0.11544675581768908,0.5455130160400136,592,"N tropics"
"1998-09-15",0.0,0.1966576814789928,1.0,0.12153333668013956,0.6179943532646697,592,"N tropics"
"1998-10-15",0.04865764081478119,0.19510255332381746,0.630314290523529,0.12501543091412123,0.6407677848614797,592,"N tropics"
"1998-11-15",0.039069268852472305,0.19546236791899674,0.6172546148300171,0.12325793767596764,0.630596769026394,592,"N tropics"
"1998-12-15",0.06598029285669327,0.1975553249814422,0.6100655794143677,0.12193718134538241,0.6172305472243628,592,"N tropics"
"1999-01-15",0.06646451354026794,0.2011777592596371,0.5990674495697021,0.12097541406513244,0.601335925553298,592,"N tropics"
"1999-02-15",0.07202289998531342,0.20328628874660762,0.5817964673042297,0.11992388370045269,0.5899260812908806,592,"N tropics"
"1999-03-15",0.0,0.20429211231640765,0.5689421892166138,0.1210436134485575,0.5925026281048245,592,"N tropics"
"1999-04-15",0.0,0.20485206644327658,0.5256083011627197,0.1150486981181579,0.5616184406419684,592,"N tropics"
"1999-05-15",0.0,0.20756559190340373,0.5342367887496948,0.11627509967197264,0.5601848485855228,592,"N tropics"
"1999-06-15",0.019356323406100273,0.2125754670988817,0.5587140917778015,0.11792458470923296,0.5547422114066395,592,"N tropics"
"1999-07-15",0.0,0.2132528576609754,0.5407835245132446,0.11616684367178688,0.5447375709096772,592,"N tropics"
"1999-08-15",0.0,0.2022549394593651,0.5646361708641052,0.11461291590496293,0.566675484966288,592,"N tropics"
"1999-09-15",0.0,0.19031047220090164,0.6368199586868286,0.120670077632988,0.6340695613723368,592,"N tropics"
"1999-10-15",0.0,0.1891246584395096,1.0,0.12709879294431836,0.6720371314508952,592,"N tropics"
"1999-11-15",0.055503156036138535,0.19125670615608809,0.606890857219696,0.12154911363721622,0.635528636250892,592,"N tropics"
"1999-12-15",0.06464555859565735,0.19471216574311245,0.6079188585281372,0.11904371383566945,0.6113830298242696,592,"N tropics"
"2000-01-15",0.06837587803602219,0.19636872383086254,0.5933696627616882,0.11636223374608051,0.5925700970909518,592,"N tropics"
"2000-02-15",0.03618045896291733,0.20286564128725104,0.5986328125,0.12009178980274893,0.5919769806297702,592,"N tropics"
"2000-03-15",0.03272174298763275,0.2063424828575569,0.5545599460601807,0.11764549268871843,0.5701467340098447,592,"N tropics"
"2000-04-15",0.0,0.20423090966368054,0.5251293182373047,0.1152132113471335,0.564132097031062,592,"N tropics"
"2000-05-15",0.0,0.20343591966288715,0.5170792937278748,0.11569932529426702,0.5687261398379987,592,"N tropics"
"2000-06-15",0.050861626863479614,0.2068731798349907,0.6814952492713928,0.11916718306414298,0.5760397899775839,592,"N tropics"
"2000-07-15",0.04613794386386871,0.20514282783040294,0.5397453904151917,0.11772875381588448,0.5738867649480487,592,"N tropics"
"2000-08-15",0.05796253681182861,0.1951858751299616,0.5342485308647156,0.11751194844231867,0.6020514976510216,592,"N tropics"
"2000-09-15",0.0,0.18902416939444447,0.5554372072219849,0.1203691771157513,0.6367925197151483,592,"N tropics"
"2000-10-15",0.06214764714241028,0.1900455854656932,0.5820018649101257,0.11980750705572032,0.6304145753353888,592,"N tropics"
"2000-11-15",0.026277024298906326,0.19247096338359676,0.6030672788619995,0.12330251824403549,0.6406291945361764,592,"N tropics"
"2000-12-15",0.05246507003903389,0.1962964090304701,0.5899381041526794,0.1271764288457031,0.6478795484534928,592,"N tropics"
"2001-01-15",0.062386661767959595,0.20134541787509183,0.6022878885269165,0.12976038358477088,0.6444665339504771,592,"N tropics"
"2001-02-15",0.05823414400219917,0.20526883001690982,0.5921340584754944,0.126457465346508,0.6160578073937996,592,"N tropics"
"2001-03-15",0.0570036843419075,0.2036513647920375,0.5494830012321472,0.11957959023750925,0.5871779467798817,592,"N tropics"
"2001-04-15",0.023615678772330284,0.20712805325102457,0.5344122648239136,0.11645539447931175,0.5622386376517334,592,"N tropics"
"2001-05-15",0.0,0.20735482483900855,0.5344287753105164,0.11302829130371217,0.5450960275048722,592,"N tropics"
"2001-06-15",0.0,0.21347970328910404,0.5366086363792419,0.11397798587191867,0.5339054913223503,592,"N tropics"
"2001-07-15",0.023062456399202347,0.21795652234121352,0.5338690280914307,0.11182654237210046,0.5130681163880688,592,"N tropics"
"2001-08-15",0.0,0.21099853542998345,1.0,0.11561557299504906,0.5479449075769262,592,"N tropics"
"2001-09-15",0.034970544278621674,0.1962923246020501,1.0,0.12622552895363434,0.6430487244447052,592,"N tropics"
"2001-10-15",0.046639975160360336,0.1932264454033524,0.5953549742698669,0.12720986620870048,0.6583460454553983,592,"N tropics"
"2001-11-15",0.04950886592268944,0.19504165907415605,0.611458420753479,0.12644165805498053,0.6482802630739858,592,"N tropics"
"2001-12-15",0.05711143836379051,0.19615554869980406,0.5915073156356812,0.12418567255953135,0.6330979336688802,592,"N tropics"
"2002-01-15",0.06345720589160919,0.20065672584884858,0.5915166735649109,0.12628458910958204,0.6293563725579283,592,"N tropics"
"2002-02-15",0.017115015536546707,0.20479246162230524,0.5855230689048767,0.12634202734385633,0.6169271385431485,592,"N tropics"
"2002-03-15",0.0,0.207172290044459,0.5569152235984802,0.12180115556457952,0.5879220408213912,592,"N tropics"
"2002-04-15",0.034696273505687714,0.20809623830624524,0.5197240114212036,0.11643721339699489,0.5595354070054829,592,"N tropics"
"2002-05-15",0.050845976918935776,0.2097004592242476,0.5186411738395691,0.11406034414087086,0.5439203355243873,592,"N tropics"
"2002-06-15",0.05737445876002312,0.2161357494549374,0.5440671443939209,0.11370522087292008,0.5260824327288194,592,"N tropics"
"2002-07-15",0.0,0.22094637015519802,0.5419525504112244,0.11226252132025902,0.508098509341444,592,"N tropics"
"2002-08-15",0.0,0.21242420715055696,0.6037807464599609,0.1141709960092885,0.5374669748837481,592,"N tropics"
"2002-09-15",0.025655722245573997,0.19442299290912568,0.5817441940307617,0.12208080065746449,0.6279133904420744,592,"N tropics"
"2002-10-15",0.03137240186333656,0.1945353926700615,0.6084402203559875,0.1257015847742901,0.6461630608651464,592,"N tropics"
"2002-11-15",0.06196444481611252,0.19798379436739366,0.8734130859375,0.12879987970804624,0.6505576889239504,592,"N tropics"
"2002-12-15",0.04948952794075012,0.19862548540019104,0.5971246957778931,0.12687068131213902,0.6387432159398866,592,"N tropics"
"2003-01-15",0.06440781056880951,0.20013330743421578,0.5928667783737183,0.12769077443547588,0.6380286023976698,592,"N tropics"
"2003-02-15",0.05685786157846451,0.20400017974394813,0.5899342894554138,0.12589574263462763,0.6171354495503206,592,"N tropics"
"2003-03-15",0.060852937400341034,0.21054508825260623,0.5671324133872986,0.12254548021810988,0.5820391310724056,592,"N tropics"
"2003-04-15",0.06164869666099548,0.21193492554782617,0.5430689454078674,0.11801041336203544,0.5568238130501274,592,"N tropics"
"2003-05-15",0.029238726943731308,0.21322655799874177,0.5413704514503479,0.11549407236896345,0.5416495649179168,592,"N tropics"
"2003-06-15",0.0,0.21503176907631194,0.5413357019424438,0.11295512870680464,0.52529507240727,592,"N tropics"
"2003-07-15",0.029625991359353065,0.21566713589079975,0.5369256138801575,0.11167749555056178,0.5178234277062418,592,"N tropics"
"2003-08-15",0.06112111732363701,0.21006930737152082,0.8800209164619446,0.11363962447147781,0.5409625322870178,592,"N tropics"
"2003-09-15",0.0536498986184597,0.19667108595446742,0.5773284435272217,0.11827375972541204,0.601378485054963,592,"N tropics"
"2003-10-15",0.048201825469732285,0.19466193000207055,0.615385890007019,0.1266367254639078,0.6505469531847383,592,"N tropics"
"2003-11-15",0.06192849203944206,0.19693606495983093,0.616183340549469,0.12695854894490863,0.6446688623071878,592,"N tropics"
"2003-12-15",0.056725334376096725,0.1970154863429835,0.5945608615875244,0.12567767412641148,0.6379075902064861,592,"N tropics"
"2004-01-15",0.06147827208042145,0.19896704810545654,0.5912401080131531,0.12105929397824043,0.6084389105178691,592,"N tropics"
"2004-02-15",0.05223638191819191,0.2063704167392008,0.6057628393173218,0.12768033415097121,0.6186949475046434,592,"N tropics"
"2004-03-15",0.00433301879093051,0.20984113819164069,0.5607317090034485,0.11776932679519163,0.5612308807038444,592,"N tropics"
"2004-04-15",0.03551433980464935,0.20485688637740743,0.5059638023376465,0.11072214016313951,0.5404853218317315,592,"N tropics"
"2004-05-15",0.03759026527404785,0.20953708045134273,0.5209140777587891,0.11367282822000999,0.5424950465815348,592,"N tropics"
"2004-06-15",0.05735417455434799,0.21576105990145045,0.5515953898429871,0.11492286237577819,0.5326394968038699,592,"N tropics"
"2004-07-15",0.04985715076327324,0.21662099745653174,1.0,0.11736063675504178,0.5417786739653064,592,"N tropics"
"2004-08-15",0.05431931093335152,0.21046069768458803,1.0,0.11890650393396454,0.56498199066206,592,"N tropics"
"2004-09-15",0.028219081461429596,0.19714655111720011,0.5875644683837891,0.1209131835160477,0.613316250428175,592,"N tropics"
"2004-10-15",0.03620943799614906,0.19778849815043653,0.6092742681503296,0.12852357129933173,0.6498030598401006,592,"N tropics"
"2004-11-15",0.058596059679985046,0.19886314174210723,0.6111343502998352,0.12789809093049673,0.6431462854808937,592,"N tropics"
"2004-12-15",0.055805183947086334,0.2016655092593283,0.5995737314224243,0.1265687820538088,0.6276173973361496,592,"N tropics"
"2005-01-15",0.05781110003590584,0.20669026357574835,0.593551516532898,0.12595394078745512,0.6093849734789042,592,"N tropics"
"2005-02-15",0.061565790325403214,0.20931221508874098,0.5762230157852173,0.12479798663235728,0.5962288755075634,592,"N tropics"
"2005-03-15",0.0,0.2121872827977043,0.5710537433624268,0.12353892816528174,0.5822164577274013,592,"N tropics"
"2005-04-15",0.059311091899871826,0.2121896204425373,0.5363938212394714,0.11732041653754981,0.5529036542544792,592,"N tropics"
"2005-05-15",0.04681387543678284,0.21073431176183802,0.5399133563041687,0.11762202484159306,0.5581531733404854,592,"N tropics"
"2005-06-15",0.06091767176985741,0.2171235532638289,0.5460209250450134,0.11618647700715447,0.5351168735985781,592,"N tropics"
"2005-07-15",0.0,0.22276073718770698,1.0,0.11633516131598594,0.5222426662107755,592,"N tropics"
"2005-08-15",0.0,0.21456204235830595,0.5177148580551147,0.11190489497076836,0.5215502879297438,592,"N tropics"
"2005-09-15",0.04928983747959137,0.19954449570158864,0.5678965449333191,0.11870119204457277,0.5948607684076939,592,"N tropics"
"2005-10-15",0.04174751788377762,0.19846601757799842,0.6150152683258057,0.1278752823570094,0.6443182763354114,592,"N tropics"
"2005-11-15",0.05547972768545151,0.19956880911077202,0.6148794889450073,0.12890106603279056,0.6458978565194682,592,"N tropics"
"2005-12-15",0.05415951460599899,0.19957850377603986,0.5966217517852783,0.12652294304097536,0.6339507544507652,592,"N tropics"
"1998-01-15",0.7996113896369934,0.9963404247011869,1.0,0.01043401538314761,0.010472339698830229,1560,"S cold"
"1998-02-15",0.7791663408279419,0.9957046689513372,1.0,0.013092582919776602,0.01314906249617724,1560,"S cold"
"1998-03-15",0.7247409224510193,0.9865634788910305,1.0,0.02556784612467936,0.025916067918325427,1559,"S cold"
"1998-04-15",0.6481433510780334,0.9695724576800477,1.0,0.03461848135480398,0.03570489351320646,1007,"S cold"
"1998-05-15",0.8770620226860046,0.9599504611431023,1.0,0.02643450645466937,0.027537365233609393,195,"S cold"
"1998-06-15",1e+20,0.0,1e+20,0.0,0.0,0,"S cold"
"1998-07-15",0.8845110535621643,0.9419671239204777,1.0,0.013975245024357732,0.014836234375349117,103,"S cold"
"1998-08-15",0.7392780184745789,0.9561605873780377,1.0,0.029413927940238845,0.03076253960738652,702,"S cold"
"1998-09-15",0.8575454354286194,0.958900300661722,1.0,0.03565934684903452,0.037187752287100716,1560,"S cold"
"1998-10-15",0.7654987573623657,0.9759665406667238,1.0,0.030099189277678212,0.030840390549778673,1560,"S cold"
"1998-11-15",0.7332299947738647,0.995172584209684,1.0,0.01363675857444967,0.013702908209915467,1560,"S cold"
"1998-12-15",0.0,0.9960281767619692,1.0,0.03775602799153041,0.03790658625167925,1560,"S cold"
"1999-01-15",0.7961483001708984,0.998119943990154,1.0,0.008898782804306274,0.008915544527376017,1560,"S cold"
"1999-02-15",0.8014628887176514,0.9971920032149674,1.0,0.011547277075753119,0.011579793097542361,1560,"S cold"
"1999-03-15",0.7769415974617004,0.9804201533276059,1.0,0.029016285735767033,0.029595766302114444,1559,"S cold"
"1999-04-15",0.8235052227973938,0.9676490607185924,1.0,0.03278893436170401,0.03388515081837046,1007,"S cold"
"1999-05-15",0.8551713824272156,0.9418580223352476,1.0,0.02131256841173277,0.022628217742298652,195,"S cold"
"1999-06-15",1e+20,0.0,1e+20,0.0,0.0,0,"S cold"
"1999-07-15",0.876222550868988,0.9389061673173626,0.9616845846176147,0.011892272340790737,0.01266609247521429,103,"S cold"
"1999-08-15",0.7869218587875366,0.9487502761715844,1.0,0.02753943227003245,0.029027061136846364,702,"S cold"
"1999-09-15",0.6663628220558167,0.9583363240728011,1.0,0.03674541534555713,0.038342922440207663,1560,"S cold"
"1999-10-15",0.0,0.9752211264692799,1.0,0.040404111607878095,0.041430718132777086,1560,"S cold"
"1999-11-15",0.7997831702232361,0.9905521627037931,1.0,0.016088616661360175,0.016242069087452175,1560,"S cold"
"1999-12-15",0.2633975148200989,0.995950030974849,1.0,0.02685572890815318,0.026964936063977464,1560,"S cold"
"2000-01-15",0.7288357019424438,0.9985099021822946,1.0,0.009449694255549094,0.009463796237670054,1560,"S cold"
"2000-02-15",0.6710727214813232,0.9960812710034516,1.0,0.015264145709997594,0.01532419708546523,1560,"S cold"
"2000-03-15",0.31557968258857727,0.9779333380684859,1.0,0.03423284436538125,0.03500529436187795,1559,"S cold"
"2000-04-15",0.6433408260345459,0.9567208578948826,1.0,0.03297049015446291,0.03446197486172656,1007,"S cold"
"2000-05-15",0.8198992609977722,0.9326412387383293,0.9742705821990967,0.019937057575287465,0.0213769847902696,195,"S cold"
"2000-06-15",1e+20,0.0,1e+20,0.0,0.0,0,"S cold"
"2000-07-15",0.876759946346283,0.9384198350813782,0.961654007434845,0.011499630055107818,0.012254248711729959,103,"S cold"
"2000-08-15",0.7590258121490479,0.9406025970933107,1.0,0.022883462064504086,0.02432851252507649,702,"S cold"
"2000-09-15",0.5698193311691284,0.953306733568508,1.0,0.03609022276465949,0.037857933332289755,1560,"S cold"
"2000-10-15",0.0,0.9699614636791043,1.0,0.04013940329537448,0.04138247218928064,1560,"S cold"
"2000-11-15",0.552183210849762,0.9853009742039877,1.0,0.021586705165656424,0.021908742334387776,1560,"S cold"
"2000-12-15",0.0,0.9808951620681153,1.0,0.039179672143990624,0.03994277233602046,1560,"S cold"
"2001-01-15",0.5830687284469604,0.9801095223961728,1.0,0.021064230976225815,0.021491711380099605,1560,"S cold"
"2001-02-15",0.5264825820922852,0.975692101892751,1.0,0.027799853667252118,0.02849244512005684,1560,"S cold"
"2001-03-15",0.34561628103256226,0.966387637728991,1.0,0.03837203839595173,0.039706673489869906,1559,"S cold"
"2001-04-15",0.4573463201522827,0.9616514028243317,1.0,0.039948649428638565,0.04154171595997362,1007,"S cold"
"2001-05-15",0.8229900002479553,0.9582566817601516,1.0,0.03170946055727743,0.03309077949660903,195,"S cold"
"2001-06-15",1e+20,0.0,1e+20,0.0,0.0,0,"S cold"
"2001-07-15",0.9094361066818237,0.9517326754273723,1.0,0.02278681481615419,0.02394245296445438,103,"S cold"
"2001-08-15",0.7316217422485352,0.9546400371440132,1.0,0.03277117038067345,0.034328300831289904,702,"S cold"
"2001-09-15",0.47090956568717957,0.9479936649210942,1.0,0.03547561402767815,0.037421783858261275,1560,"S cold"
"2001-10-15",0.5673643946647644,0.9617062766200435,1.0,0.032502337320960493,0.033796532383246265,1560,"S cold"
"2001-11-15",0.5449796915054321,0.9759326501152442,1.0,0.021233102707828404,0.021756729529769363,1560,"S cold"
"2001-12-15",0.0,0.9767549961423261,1.0,0.043115634883301085,0.04414170908117737,1560,"S cold"
"2002-01-15",0.48854726552963257,0.9776069679321362,1.0,0.022205835377680585,0.022714481490093138,1560,"S cold"
"2002-02-15",0.5110858082771301,0.9741148151648337,1.0,0.027914938491783003,0.028656723065093113,1560,"S cold"
"2002-03-15",0.3826782703399658,0.9673823292550632,1.0,0.038677414920428824,0.03998151894113316,1559,"S cold"
"2002-04-15",0.4985559582710266,0.9665994174193986,1.0,0.03872897701316243,0.04006724638481577,1007,"S cold"
"2002-05-15",0.8336609601974487,0.9654361761533292,1.0,0.034250264121399615,0.03547646645878333,195,"S cold"
"2002-06-15",1e+20,0.0,1e+20,0.0,0.0,0,"S cold"
"2002-07-15",0.9139118194580078,0.9621268956406602,1.0,0.026915590047858134,0.027975093690667075,103,"S cold"
"2002-08-15",0.7951216101646423,0.9579045406603759,1.0,0.03158720774796796,0.032975318945864744,702,"S cold"
"2002-09-15",0.7008554339408875,0.9515614540531084,1.0,0.03787288422605887,0.039800775940158156,1560,"S cold"
"2002-10-15",0.6688185930252075,0.9630029870149396,1.0,0.03307954326071971,0.03435040566515556,1560,"S cold"
"2002-11-15",0.7454123497009277,0.9749385365308849,1.0,0.019553527892993347,0.020056164732774325,1560,"S cold"
"2002-12-15",0.2721140384674072,0.9771102003562133,1.0,0.025901112679019688,0.02650787257115649,1560,"S cold"
"2003-01-15",0.6336246132850647,0.9777801057084995,1.0,0.02051441301516755,0.020980599723189098,1560,"S cold"
"2003-02-15",0.5815762281417847,0.9735152319455751,1.0,0.026462390734624055,0.02718230785330275,1560,"S cold"
"2003-03-15",0.7328346371650696,0.966378472224506,1.0,0.03567501146982711,0.03691619018344523,1559,"S cold"
"2003-04-15",0.7512896656990051,0.9604111262916234,1.0,0.03678992010942189,0.038306428468271245,1007,"S cold"
"2003-05-15",0.8602257966995239,0.9658908837880837,1.0,0.0327827918195915,0.033940471299431,195,"S cold"
"2003-06-15",1e+20,0.0,1e+20,0.0,0.0,0,"S cold"
"2003-07-15",0.9011687636375427,0.9532538762370363,1.0,0.024194401909274615,0.025380858669866484,103,"S cold"
"2003-08-15",0.6780734658241272,0.9563514789794598,1.0,0.03361075107859759,0.035144768233604066,702,"S cold"
"2003-09-15",0.0,0.9515285530342497,1.0,0.04504328432111297,0.047337816797486755,1560,"S cold"
"2003-10-15",0.5044424533843994,0.964915728110532,1.0,0.03513786518396718,0.036415475632025456,1560,"S cold"
"2003-11-15",0.6515805721282959,0.9840242821436649,1.0,0.01977456933421858,0.02009561114807078,1560,"S cold"
"2003-12-15",0.0,0.9851006001787859,1.0,0.06597173529816294,0.06696954126937872,1561,"S cold"
"2004-01-15",0.0,0.9751726819642718,1.0,0.10116814110688722,0.10374382196915746,1561,"S cold"
"2004-02-15",0.0,0.9758110290911212,1.0,0.06595607150773188,0.0675910289404742,1561,"S cold"
"2004-03-15",0.0,0.9672482355597624,1.0,0.05913674651378486,0.061139161943843154,1559,"S cold"
"2004-04-15",0.0,0.959659456496444,1.0,0.05198271297420046,0.05416787447078429,1007,"S cold"
"2004-05-15",0.8719175457954407,0.9624029880914932,1.0,0.030195380122862766,0.03137498583908404,195,"S cold"
"2004-06-15",1e+20,0.0,1e+20,0.0,0.0,0,"S cold"
"2004-07-15",0.9074459075927734,0.9523836212250789,1.0,0.0223475516046302,0.02346486342959562,103,"S cold"
"2004-08-15",0.7946767210960388,0.9547237603582909,1.0,0.03205541875134767,0.033575595457389515,702,"S cold"
"2004-09-15",0.5093448162078857,0.9523442867092584,1.0,0.0371019693730177,0.03895856770582441,1560,"S cold"
"2004-10-15",0.6808686852455139,0.964274964424279,1.0,0.030836636063348646,0.03197909019836441,1560,"S cold"
"2004-11-15",0.7176845669746399,0.982865934456004,1.0,0.01856270260127432,0.01888630173305212,1560,"S cold"
"2004-12-15",0.0,0.9873650072094704,1.0,0.046976760215576535,0.04757790672402305,1560,"S cold"
"2005-01-15",0.7418220043182373,0.9895783027777291,1.0,0.01570458549563,0.015869977597070893,1560,"S cold"
"2005-02-15",0.7675653696060181,0.9824671581769583,1.0,0.022864104771299586,0.02327213136948583,1560,"S cold"
"2005-03-15",0.7465226650238037,0.9704757278511588,1.0,0.033622305671913814,0.03464517937647014,1559,"S cold"
"2005-04-15",0.7078275084495544,0.9646722409789131,1.0,0.03486163373545315,0.03613831958103913,1007,"S cold"
"2005-05-15",0.8185741305351257,0.9503347412133826,1.0,0.02919724671209738,0.030723118334933734,195,"S cold"
"2005-06-15",1e+20,0.0,1e+20,0.0,0.0,0,"S cold"
"2005-07-15",0.876775324344635,0.9432210922241213,1.0,0.017200084882370924,0.01823547524983036,103,"S cold"
"2005-08-15",0.7820397019386292,0.9519189076545922,1.0,0.029057897226386485,0.030525601490552876,702,"S cold"
"2005-09-15",0.6000615954399109,0.9468413881002327,1.0,0.036353662896164936,0.03839467027218347,1560,"S cold"
"2005-10-15",0.6074345707893372,0.956750236528041,1.0,0.030230085521939856,0.031596632399739005,1560,"S cold"
"2005-11-15",0.0,0.9701072288868121,1.0,0.058948525489773675,0.06076495848548257,1560,"S cold"
"2005-12-15",0.0,0.9693882400456516,1.0,0.10560837813189684,0.10894332504685987,1560,"S cold"
"1998-01-15",0.03886915743350983,0.13993283912669627,0.32188132405281067,0.05557384542603839,0.3971465581122198,229,"S subtropics"
"1998-02-15",0.03449651226401329,0.13735797209055142,0.3243243098258972,0.053473431332262476,0.38929980195842456,229,"S subtropics"
"1998-03-15",0.032767731696367264,0.1311077381032783,0.33565613627433777,0.054418187752136186,0.4150646524713058,229,"S subtropics"
"1998-04-15",0.034573033452034,0.12999361833175196,0.3053619861602783,0.0502259839086714,0.3863726893153439,229,"S subtropics"
"1998-05-15",0.03582519665360451,0.13102977075431022,0.28343987464904785,0.04816304602917193,0.36757330606554245,229,"S subtropics"
"1998-06-15",0.03264202922582626,0.13316516949099738,0.35124900937080383,0.05188637819818697,0.3896392607504979,229,"S subtropics"
"1998-07-15",0.03137919679284096,0.1314606696497405,0.36266592144966125,0.05182349335451643,0.3942129116837244,229,"S subtropics"
"1998-08-15",0.03365228697657585,0.1292460018598096,0.3581746518611908,0.050811224142036523,0.3931357520610222,229,"S subtropics"
"1998-09-15",0.034335024654865265,0.12860123824539663,0.2903669476509094,0.046743634757541244,0.36347733035311164,229,"S subtropics"
"1998-10-15",0.034363336861133575,0.12990832606973085,0.2765690088272095,0.045703262873466204,0.35181165254130115,229,"S subtropics"
"1998-11-15",0.03574221208691597,0.13187322978694885,0.2764165699481964,0.047701054789930857,0.36171901504949494,229,"S subtropics"
"1998-12-15",0.037606656551361084,0.13174641391010256,0.28617364168167114,0.04790188477404334,0.36359156467613074,229,"S subtropics"
"1999-01-15",0.03734367713332176,0.1363198299237474,0.3117011487483978,0.05133885269483726,0.3766059033638352,229,"S subtropics"
"1999-02-15",0.03141918033361435,0.13219885399573233,0.3240973949432373,0.052375871863217106,0.39619005974823285,229,"S subtropics"
"1999-03-15",0.034001801162958145,0.13080756149893238,0.3193655014038086,0.05101310952961058,0.38998593770152146,229,"S subtropics"
"1999-04-15",0.03405652940273285,0.13029164261302567,0.3258172273635864,0.05169948207574527,0.3967981448303324,229,"S subtropics"
"1999-05-15",0.036344051361083984,0.1349213085905954,0.31536388397216797,0.048814364821946975,0.3617987798359491,229,"S subtropics"
"1999-06-15",0.034787774085998535,0.13774810978679158,0.27684852480888367,0.04818909066941759,0.34983485975963896,229,"S subtropics"
"1999-07-15",0.03489485755562782,0.1396114094809153,0.31229257583618164,0.05078814603220208,0.36378220247926624,229,"S subtropics"
"1999-08-15",0.034905701875686646,0.13809956798907447,0.3900611102581024,0.05073812129213797,0.3674024620855587,229,"S subtropics"
"1999-09-15",0.03483143076300621,0.1368623575333946,0.5055030584335327,0.0555056079914626,0.40555788305721063,229,"S subtropics"
"1999-10-15",0.03486816957592964,0.13632309082163468,0.31942614912986755,0.050191093136655734,0.3681774880113731,229,"S subtropics"
"1999-11-15",0.03744761645793915,0.13501828180129868,0.3291982412338257,0.04979066118421881,0.3687697733962712,229,"S subtropics"
"1999-12-15",0.03744823485612869,0.13629504851183505,0.3230636715888977,0.04938707843571098,0.3623541645492903,229,"S subtropics"
"2000-01-15",0.03458910807967186,0.139284964618334,0.33383041620254517,0.047354141327693604,0.3399802804089624,229,"S subtropics"
"2000-02-15",0.03252040967345238,0.13615209902087683,0.3202839195728302,0.04588271656984843,0.3369960279702557,229,"S subtropics"
"2000-03-15",0.03272509202361107,0.12970851293427452,0.27875643968582153,0.039916153357754176,0.30773734471830977,229,"S subtropics"
"2000-04-15",0.035632021725177765,0.13692227619248704,0.24951225519180298,0.040539881166056474,0.29607951527963944,229,"S subtropics"
"2000-05-15",0.03745018690824509,0.14902060095009323,0.294759064912796,0.04767862559466832,0.31994653954345426,229,"S subtropics"
"2000-06-15",0.03293754160404205,0.15127074599721538,0.4085949659347534,0.05530698335673981,0.36561585647074096,229,"S subtropics"
"2000-07-15",0.03793974593281746,0.15527455316750752,0.47256457805633545,0.052172032451511835,0.33599859981712227,229,"S subtropics"
"2000-08-15",0.03760780766606331,0.1538201817291011,0.3913465738296509,0.045917463065248215,0.2985139046715944,229,"S subtropics"
"2000-09-15",0.03959164768457413,0.14977230357746377,0.4502331018447876,0.04504377832673744,0.300748384386305,229,"S subtropics"
"2000-10-15",0.035361308604478836,0.14147503116050136,0.3774621784687042,0.04219184750353197,0.2982282255563947,229,"S subtropics"
"2000-11-15",0.035431817173957825,0.13572357181768746,0.2856398820877075,0.04107689333332475,0.30265113703684315,229,"S subtropics"
"2000-12-15",0.03862215578556061,0.1374071719832556,0.3003445267677307,0.042284789958887486,0.30773349999547545,229,"S subtropics"
"2001-01-15",0.0378999337553978,0.13925477959963956,0.32597875595092773,0.04363859774464358,0.3133723515279366,229,"S subtropics"
"2001-02-15",0.030522862449288368,0.13342578234923722,0.3163537383079529,0.045950347869333344,0.3443888209631025,229,"S subtropics"
"2001-03-15",0.028173867613077164,0.12385468441976734,0.30564430356025696,0.045192923035050576,0.36488666736159187,229,"S subtropics"
"2001-04-15",0.028150755912065506,0.11795291058946909,0.3024800419807434,0.044572833215829805,0.3778866752255395,229,"S subtropics"
"2001-05-15",0.03144502639770508,0.12048259335183678,0.28735074400901794,0.04380623496075302,0.36358974140628575,229,"S subtropics"
"2001-06-15",0.02862418256700039,0.11912514907856955,0.3116077184677124,0.04426266480431266,0.37156440219956416,229,"S subtropics"
"2001-07-15",0.028777536004781723,0.11848521289541739,0.39954671263694763,0.04693570714979574,0.396131348400616,229,"S subtropics"
"2001-08-15",0.02805297262966633,0.11734386535938905,0.40697965025901794,0.04751559927335439,0.40492614699395124,229,"S subtropics"
"2001-09-15",0.028501909226179123,0.11938681390022603,0.3460518717765808,0.04521286940284425,0.37870907117623187,229,"S subtropics"
"2001-10-15",0.030346235260367393,0.1232966271403965,0.25528767704963684,0.04124328452720393,0.3345045641860151,229,"S subtropics"
"2001-11-15",0.031352449208498,0.12722665177227113,0.2538120746612549,0.038962287934721215,0.30624312902976975,229,"S subtropics"
"2001-12-15",0.032812073826789856,0.13155650339337413,0.25656214356422424,0.03865819036480288,0.2938523704085457,229,"S subtropics"
"2002-01-15",0.030720572918653488,0.13460740692685783,0.27177566289901733,0.040767779220675496,0.30286430852076107,229,"S subtropics"
"2002-02-15",0.02894996479153633,0.13029635749659685,0.2721409797668457,0.04271863053889475,0.32785744252298454,229,"S subtropics"
"2002-03-15",0.026418745517730713,0.12119417006402029,0.26468995213508606,0.043820841306548945,0.3615754890140407,229,"S subtropics"
"2002-04-15",0.025845462456345558,0.11882976900509616,0.28477203845977783,0.04440082318684062,0.373650673215871,229,"S subtropics"
"2002-05-15",0.026204511523246765,0.11983424997746163,0.28750717639923096,0.0471196964726601,0.39320725486680436,229,"S subtropics"
"2002-06-15",0.026314523071050644,0.12028213406559161,0.5807461142539978,0.057175548285255506,0.4753453098369276,229,"S subtropics"
"2002-07-15",0.026809779927134514,0.12248017525861614,0.6886318325996399,0.061548433841352654,0.5025175193568552,229,"S subtropics"
"2002-08-15",0.028338784351944923,0.12402787885128407,0.4570576250553131,0.05393359667940279,0.43485059309989493,229,"S subtropics"
"2002-09-15",0.03030000440776348,0.12468702878851814,0.337558776140213,0.051151410472960526,0.4102384263219433,229,"S subtropics"
"2002-10-15",0.032297879457473755,0.13001634232602272,0.3049464821815491,0.04811995739748088,0.3701069922180828,229,"S subtropics"
"2002-11-15",0.03493958339095116,0.13734177866031522,0.27567726373672485,0.0462710890205437,0.33690468750215546,229,"S subtropics"
"2002-12-15",0.03528948128223419,0.14233909288673424,0.2940744161605835,0.04703982471603343,0.33047719893413385,229,"S subtropics"
"2003-01-15",0.033926334232091904,0.14390931206889557,0.3013509511947632,0.049396389296885904,0.3432466501767289,229,"S subtropics"
"2003-02-15",0.031207585707306862,0.139953351380328,0.3125300705432892,0.052132344049301456,0.3724980040501498,229,"S subtropics"
"2003-03-15",0.030493488535284996,0.12854519843502077,0.286302387714386,0.05000693906235874,0.3890222246429306,229,"S subtropics"
"2003-04-15",0.029473498463630676,0.12314610546007436,0.31608113646507263,0.05036970628028346,0.4090239483587567,229,"S subtropics"
"2003-05-15",0.028150036931037903,0.12208778990278076,0.3344759941101074,0.049174213241780555,0.40277748725681967,229,"S subtropics"
"2003-06-15",0.028451135382056236,0.12307207012248086,0.3302590548992157,0.05012742044676291,0.40730135112602145,229,"S subtropics"
"2003-07-15",0.028525175526738167,0.122032788862763,0.39972031116485596,0.05084672049689777,0.4166644142999923,229,"S subtropics"
"2003-08-15",0.03087816759943962,0.12332950589373128,0.3861464262008667,0.04999482222044983,0.40537600356178044,229,"S subtropics"
"2003-09-15",0.032056789845228195,0.12489723334471207,0.2982707619667053,0.04578965105265422,0.3666186177741532,229,"S subtropics"
"2003-10-15",0.03216255456209183,0.12693963806636988,0.2860659062862396,0.04418125906813629,0.3480493543319881,229,"S subtropics"
"2003-11-15",0.03384564444422722,0.13164155715547796,0.283549964427948,0.0447974580337859,0.3402987552090177,229,"S subtropics"
"2003-12-15",0.035226959735155106,0.13241568975573537,0.2843964993953705,0.04557636451541888,0.34419157276220597,229,"S subtropics"
"2004-01-15",0.03317513316869736,0.12994926634313755,0.3110683858394623,0.04871183143230716,0.374852685229335,229,"S subtropics"
"2004-02-15",0.03090367652475834,0.12639457289145759,0.3132120668888092,0.05118991658526319,0.40500090640143993,229,"S subtropics"
"2004-03-15",0.029445957392454147,0.1235347707881938,0.3295316994190216,0.05073535349515372,0.4106969492997391,229,"S subtropics"
"2004-04-15",0.02773549221456051,0.12015622002621659,0.3414616882801056,0.05010979835903299,0.41703873797044927,229,"S subtropics"
"2004-05-15",0.02917470782995224,0.1189877863924576,0.26872718334198,0.045540785632869764,0.3827349597265598,229,"S subtropics"
"2004-06-15",0.029095886275172234,0.11879882223773995,0.29378843307495117,0.04409692581478883,0.3711899241437104,229,"S subtropics"
"2004-07-15",0.029763277620077133,0.11873401372843947,0.4260789752006531,0.04892473348858357,0.4120532268072817,229,"S subtropics"
"2004-08-15",0.03091508336365223,0.12110536024137096,0.37539997696876526,0.0500713588757672,0.4134528709214165,229,"S subtropics"
"2004-09-15",0.03248658776283264,0.12262330980215014,0.38577935099601746,0.049098792294040315,0.40040341737031954,229,"S subtropics"
"2004-10-15",0.03342505171895027,0.12449507691844593,0.30129942297935486,0.0480226554082208,0.3857393930498908,229,"S subtropics"
"2004-11-15",0.033581897616386414,0.12725603899320653,0.2748536169528961,0.045661000467022,0.3588120518937382,229,"S subtropics"
"2004-12-15",0.03374107554554939,0.127744861906923,0.28101667761802673,0.04701244480118862,0.3680182834707095,229,"S subtropics"
"2005-01-15",0.0335288867354393,0.12781721698404916,0.2910712957382202,0.04841840776190073,0.3788097480478163,229,"S subtropics"
"2005-02-15",0.032399725168943405,0.12881280751858215,0.2959006726741791,0.04946934945019223,0.3840406121344412,229,"S subtropics"
"2005-03-15",0.030701683834195137,0.12642464276777346,0.292656809091568,0.051041320324591015,0.4037292034777401,229,"S subtropics"
"2005-04-15",0.031249552965164185,0.12394701899334337,0.2924366295337677,0.050123881204917106,0.4043976338600691,229,"S subtropics"
"2005-05-15",0.03202933073043823,0.12398564150174639,0.3179803788661957,0.05032301242437589,0.40587774370362933,229,"S subtropics"
"2005-06-15",0.02995138242840767,0.1245296314749135,0.46199578046798706,0.05359777593772531,0.43040178713226646,229,"S subtropics"
"2005-07-15",0.02929271198809147,0.12337474966641335,0.49363428354263306,0.05565072309049471,0.45107060594623977,229,"S subtropics"
"2005-08-15",0.031238500028848648,0.12566832931281186,0.5150524973869324,0.0581468292490926,0.46270074223995067,229,"S subtropics"
"2005-09-15",0.03506738319993019,0.12975000350951624,0.6000342965126038,0.06243582475641345,0.48120094849811873,229,"S subtropics"
"2005-10-15",0.03483481705188751,0.12985545577375646,0.45600569248199463,0.05366886584770239,0.4132969656754982,229,"S subtropics"
"2005-11-15",0.035346757620573044,0.13009821961930745,0.2904823422431946,0.048031164551521476,0.3691915592086498,229,"S subtropics"
"2005-12-15",0.03564855828881264,0.13058257418558586,0.28901511430740356,0.0490508596870714,0.3756309752123557,229,"S subtropics"
"1998-01-15",0.055290721356868744,0.11396145700093578,0.17035794258117676,0.03044216955890226,0.267126889740031,34,"S temperate"
"1998-02-15",0.041882459074258804,0.11119387441259973,0.15835149586200714,0.029709093567859817,0.26718282571592256,34,"S temperate"
"1998-03-15",0.029561355710029602,0.10904997543377033,0.16591182351112366,0.030769493953556958,0.28215956795189095,34,"S temperate"
"1998-04-15",0.031205350533127785,0.11485004770186019,0.2400701642036438,0.0381187201996285,0.33189990742172853,34,"S temperate"
"1998-05-15",0.06707427650690079,0.133885889149764,0.4644055962562561,0.07149119683248566,0.5339711099241834,34,"S temperate"
"1998-06-15",0.05616935342550278,0.14918392918565695,0.4557695984840393,0.07741165819716668,0.5189007865641422,34,"S temperate"
"1998-07-15",0.05282919481396675,0.152466563946184,0.5910003781318665,0.09684037697547974,0.6351581256180301,34,"S temperate"
"1998-08-15",0.039999909698963165,0.1365139799959519,0.4608040452003479,0.07499869715555117,0.5493847381621657,34,"S temperate"
"1998-09-15",0.031812772154808044,0.12157591081717434,0.32704445719718933,0.04821848623635454,0.3966121735157339,34,"S temperate"
"1998-10-15",0.03329534828662872,0.12034222637029257,0.2622573971748352,0.03738885094457673,0.3106877118055917,34,"S temperate"
"1998-11-15",0.0344698429107666,0.11708650551736353,0.30310362577438354,0.04424867667014722,0.3779144016180865,34,"S temperate"
"1998-12-15",0.03250527381896973,0.11354033298352187,0.21761664748191833,0.037578941795496666,0.33097438423886344,34,"S temperate"
"1999-01-15",0.03439842537045479,0.11252993553438606,0.18470406532287598,0.03207478304274776,0.2850333370443155,34,"S temperate"
"1999-02-15",0.0352318175137043,0.11412339591804674,0.21004746854305267,0.03240318374308682,0.2839311210679001,34,"S temperate"
"1999-03-15",0.03469293937087059,0.11277960251797647,0.1878308653831482,0.03033992150379667,0.26901958178971813,34,"S temperate"
"1999-04-15",0.03313808515667915,0.11513386425726554,0.259329617023468,0.04503364346542484,0.3911415964011908,34,"S temperate"
"1999-05-15",0.047023266553878784,0.12280176481341615,0.36641281843185425,0.06237369245316905,0.507921792068209,34,"S temperate"
"1999-06-15",0.036167025566101074,0.13224390532602281,0.50397127866745,0.09299451996783875,0.7032045804952448,34,"S temperate"
"1999-07-15",0.04393688216805458,0.14729291781344836,0.5334380865097046,0.09843354846275479,0.668284327067404,34,"S temperate"
"1999-08-15",0.045386675745248795,0.1412567166501985,0.41048502922058105,0.08237432974604174,0.5831533657265279,34,"S temperate"
"1999-09-15",0.030203532427549362,0.13168947124744163,0.30875587463378906,0.05885363699220423,0.4469122431330865,34,"S temperate"
"1999-10-15",0.03284206986427307,0.1153221688068965,0.2358727753162384,0.03640498164978045,0.31568068851306025,34,"S temperate"
"1999-11-15",0.035461217164993286,0.11400732540470711,0.25558730959892273,0.038405586534493254,0.3368694634152655,34,"S temperate"
"1999-12-15",0.03306051716208458,0.11810589877559859,0.2809561491012573,0.04353345179742293,0.36859676145504433,34,"S temperate"
"2000-01-15",0.03538470342755318,0.13262449062484155,0.2624981999397278,0.04505692541642271,0.3397330704468185,34,"S temperate"
"2000-02-15",0.03520650044083595,0.12757277236703565,0.23136945068836212,0.041167487150303876,0.3226980678280016,34,"S temperate"
"2000-03-15",0.030597634613513947,0.12970782367183878,0.3261253237724304,0.05369825565584726,0.413993960701276,34,"S temperate"
"2000-04-15",0.03472520411014557,0.1349944655290421,0.32635340094566345,0.05780375200211446,0.42819349501168125,34,"S temperate"
"2000-05-15",0.031074734404683113,0.12568681736421933,0.4002521336078644,0.08052891240945374,0.640710888367031,34,"S temperate"
"2000-06-15",0.02047397568821907,0.1420159990187077,0.6241881847381592,0.13302394204788853,0.9366827890311523,34,"S temperate"
"2000-07-15",0.029822131618857384,0.15299759186146888,0.5501099824905396,0.13240897131603246,0.8654317346113636,34,"S temperate"
"2000-08-15",0.03255303204059601,0.14785896427929401,0.4157642424106598,0.09680359924004317,0.65470226788001,34,"S temperate"
"2000-09-15",0.04037822037935257,0.1548614553449785,0.41623833775520325,0.08327671419609144,0.5377497842221574,34,"S temperate"
"2000-10-15",0.03318057209253311,0.13813449004117181,0.32190173864364624,0.053008133544898396,0.38374292712195923,34,"S temperate"
"2000-11-15",0.029039181768894196,0.12840537704965643,0.3220381438732147,0.04871439232418822,0.3793796914388529,34,"S temperate"
"2000-12-15",0.031025245785713196,0.13185468261294506,0.33494117856025696,0.05241586391928148,0.39752751195910474,34,"S temperate"
"2001-01-15",0.032206762582063675,0.13069527388057284,0.25093671679496765,0.04577830516402279,0.35026748714612466,34,"S temperate"
"2001-02-15",0.02784428931772709,0.12248548388700276,0.26664674282073975,0.04802441376001129,0.3920824920307743,34,"S temperate"
"2001-03-15",0.026650898158550262,0.11051672992899139,0.17261113226413727,0.03745050260729786,0.338867270424671,34,"S temperate"
"2001-04-15",0.02939767576754093,0.1097012568155632,0.19513434171676636,0.03677715561347018,0.33524826133307023,34,"S temperate"
"2001-05-15",0.03463345766067505,0.12015591145438305,0.27803269028663635,0.04815429595308644,0.4007651006947596,34,"S temperate"
"2001-06-15",0.04199324548244476,0.1458087054026478,0.5110182762145996,0.09803925589654419,0.6723827334301526,34,"S temperate"
"2001-07-15",0.037826456129550934,0.17806807127507296,0.8705277442932129,0.16624859858127974,0.933623851771074,34,"S temperate"
"2001-08-15",0.03616403788328171,0.16535368364523437,0.680505633354187,0.12324755828225668,0.7453571977669624,34,"S temperate"
"2001-09-15",0.03193565458059311,0.13303514898699872,0.35749003291130066,0.06275873270529315,0.47174549871347493,34,"S temperate"
"2001-10-15",0.029477637261152267,0.11715869989026997,0.22672884166240692,0.03743937722134959,0.3195612212871519,34,"S temperate"
"2001-11-15",0.02777157910168171,0.1236619212500313,0.23956988751888275,0.04232181536887492,0.3422380546983796,34,"S temperate"
"2001-12-15",0.030887529253959656,0.1293032686499988,0.2062108814716339,0.044464621766781696,0.3438785595369565,34,"S temperate"
"2002-01-15",0.034724388271570206,0.1294336597270825,0.20876643061637878,0.045151480706694294,0.3488387858451851,34,"S temperate"
"2002-02-15",0.027021348476409912,0.12070140494581529,0.21243685483932495,0.044452150847527634,0.36828196711946215,34,"S temperate"
"2002-03-15",0.030093485489487648,0.11127873975783587,0.17876559495925903,0.03730988693859829,0.3352831548936647,34,"S temperate"
"2002-04-15",0.030040763318538666,0.10969747405718354,0.1900946944952011,0.03562623379681484,0.3247680414067096,34,"S temperate"
"2002-05-15",0.0386250801384449,0.12719840074286742,0.3107733130455017,0.0601407945530296,0.47281093317049394,34,"S temperate"
"2002-06-15",0.04654446244239807,0.14930931259604063,0.4290938675403595,0.08096787057945906,0.5422827898117734,34,"S temperate"
"2002-07-15",0.03998325765132904,0.14569732064709948,0.359526127576828,0.07716185485131516,0.5296038012820607,34,"S temperate"
"2002-08-15",0.032850511372089386,0.14500242066295704,0.48210516571998596,0.08810627502880017,0.6076193392218878,34,"S temperate"
"2002-09-15",0.03163161128759384,0.1373484647449325,0.3321922719478607,0.06669383267234494,0.48558120249979436,34,"S temperate"
"2002-10-15",0.028474535793066025,0.1306542069377268,0.3046432435512543,0.049360858788387675,0.37779769932639323,34,"S temperate"
"2002-11-15",0.025802671909332275,0.1289751010344309,0.2570173740386963,0.043324595646540405,0.3359144152558141,34,"S temperate"
"2002-12-15",0.027471957728266716,0.12958739955416496,0.21832816302776337,0.04443821115862325,0.3429207724787236,34,"S temperate"
"2003-01-15",0.027270618826150894,0.12627183437785683,0.1990758329629898,0.04497419953329108,0.35616968546374267,34,"S temperate"
"2003-02-15",0.025943953543901443,0.12011397816240786,0.21596582233905792,0.043837156528988105,0.36496298931765664,34,"S temperate"
"2003-03-15",0.025350481271743774,0.11159761732115465,0.17197735607624054,0.0391180025062625,0.3505272195345269,34,"S temperate"
"2003-04-15",0.02853996306657791,0.10802948474884033,0.15995928645133972,0.03295207212466837,0.30502850403553466,34,"S temperate"
"2003-05-15",0.03516419604420662,0.11531122762928991,0.19634446501731873,0.03922341307892788,0.3401525929896946,34,"S temperate"
"2003-06-15",0.044354382902383804,0.1361750901183661,0.3591247797012329,0.07649689532498387,0.5617539541078419,34,"S temperate"
"2003-07-15",0.040838778018951416,0.1418068381574224,0.40581756830215454,0.08211094406849812,0.5790337414994419,34,"S temperate"
"2003-08-15",0.03128094598650932,0.13879017805790198,0.3826518654823303,0.07623074868914509,0.5492517536604234,34,"S temperate"
"2003-09-15",0.030051453039050102,0.14042467749951518,0.4133257567882538,0.07800971542693394,0.5555271111603819,34,"S temperate"
"2003-10-15",0.028363605961203575,0.13206554856151345,0.3717510402202606,0.06508214536981836,0.49280184028845664,34,"S temperate"
"2003-11-15",0.028234900906682014,0.12683418091824825,0.2877667546272278,0.05140091085118835,0.4052607150458844,34,"S temperate"
"2003-12-15",0.030272239819169044,0.1260219164302244,0.4111397862434387,0.0626304035924831,0.496980250472228,34,"S temperate"
"2004-01-15",0.02538030967116356,0.11017945595085618,0.24563926458358765,0.03993539656000373,0.36245773965172134,34,"S temperate"
"2004-02-15",0.0266686100512743,0.10426639014964593,0.1739860326051712,0.03441942845109082,0.33011048336564763,34,"S temperate"
"2004-03-15",0.03264409303665161,0.10494753564981853,0.18201038241386414,0.03338253144331377,0.3180878067942655,34,"S temperate"
"2004-04-15",0.032060202211141586,0.10560678690671921,0.19346152245998383,0.03192901602275119,0.3023386749845309,34,"S temperate"
"2004-05-15",0.03829525038599968,0.10516470867921324,0.2230948805809021,0.03685852597505639,0.35048379288043247,34,"S temperate"
"2004-06-15",0.04027113690972328,0.1366012128179564,0.5447674989700317,0.09123129118258229,0.66786589445705,34,"S temperate"
"2004-07-15",0.03724595904350281,0.14006871390430367,0.4439396560192108,0.08645813359885138,0.6172551399159731,34,"S temperate"
"2004-08-15",0.03018994815647602,0.13866596389561894,0.5070307850837708,0.09029482591461137,0.651167910119465,34,"S temperate"
"2004-09-15",0.026892250403761864,0.12490184029892965,0.3851480185985565,0.06702187327877696,0.5365963633391821,34,"S temperate"
"2004-10-15",0.0293154064565897,0.11864713727332211,0.33893486857414246,0.05679654552371775,0.4787013562145885,34,"S temperate"
"2004-11-15",0.03030112013220787,0.11607369276530602,0.35485944151878357,0.052765286320046526,0.454584368455777,34,"S temperate"
"2004-12-15",0.03051738440990448,0.11425654787351103,0.251937597990036,0.04279916049098831,0.3745882515054594,34,"S temperate"
"2005-01-15",0.02572936750948429,0.10664732091347959,0.1632927507162094,0.035555261890075816,0.33339104616534104,34,"S temperate"
"2005-02-15",0.02763957343995571,0.10427844047765522,0.15956604480743408,0.03431756334440862,0.32909547924973226,34,"S temperate"
"2005-03-15",0.028213050216436386,0.10409100222236971,0.20874525606632233,0.03530735403171182,0.3391969841570426,34,"S temperate"
"2005-04-15",0.030688440427184105,0.10333380437291718,0.23087067902088165,0.037000434830630126,0.35806709193731756,34,"S temperate"
"2005-05-15",0.04161965101957321,0.1187799929038567,0.3456673324108124,0.06138507505268036,0.5167964195987692,34,"S temperate"
"2005-06-15",0.048313915729522705,0.13931397874565685,0.4980088174343109,0.09204423830886889,0.660696357519962,34,"S temperate"
"2005-07-15",0.0407351553440094,0.1493303877685,0.4565100073814392,0.10244372655626557,0.6860206290703494,34,"S temperate"
"2005-08-15",0.033877842128276825,0.1467586808344897,0.47433093190193176,0.09074876836633021,0.6183536663747619,34,"S temperate"
"2005-09-15",0.028667202219367027,0.13284949010566757,0.4061720371246338,0.07617670947478095,0.5734061110373139,34,"S temperate"
"2005-10-15",0.028929514810442924,0.12285691132659425,0.3602025806903839,0.05623125163894512,0.45769709682399456,34,"S temperate"
"2005-11-15",0.030304783955216408,0.11598277272766125,0.31120172142982483,0.046764259606075116,0.4032000486475876,34,"S temperate"
"2005-12-15",0.05958343669772148,0.11548906214096968,0.23672299087047577,0.03572283714905018,0.30931792575686284,34,"S temperate"
"1998-01-15",0.015789436176419258,0.1300133729753929,0.3295794129371643,0.038595383030107254,0.2968570243725009,535,"S tropics"
"1998-02-15",0.02077428065240383,0.12531997305558645,0.3403721749782562,0.039238032087953706,0.3131027810750441,535,"S tropics"
"1998-03-15",0.01605040393769741,0.11889024049252556,0.4042411148548126,0.04084492847989957,0.34355156748520016,535,"S tropics"
"1998-04-15",0.010627824813127518,0.10977041171254409,0.3393186032772064,0.03552681028123865,0.3236465066221374,535,"S tropics"
"1998-05-15",0.009254459291696548,0.10579099510317651,0.3372807800769806,0.03566497137802416,0.3371267218277,535,"S tropics"
"1998-06-15",0.014389078132808208,0.10923474575001225,0.33769741654396057,0.03687233509924269,0.3375513427167798,535,"S tropics"
"1998-07-15",0.023335430771112442,0.11584809034296834,0.319884330034256,0.0365345493809197,0.31536600450433966,535,"S tropics"
"1998-08-15",0.010544124990701675,0.12570330527759044,0.3082444965839386,0.03397862249634997,0.2703081070248314,535,"S tropics"
"1998-09-15",0.0,0.13127465895855814,0.29571816325187683,0.0345072297015306,0.2628628402106466,535,"S tropics"
"1998-10-15",0.013132328167557716,0.13444332615864069,0.3269771635532379,0.037048089459090376,0.27556659387744026,535,"S tropics"
"1998-11-15",0.012500874698162079,0.13141991976544112,0.28292974829673767,0.03568553901771082,0.2715382803566045,535,"S tropics"
"1998-12-15",0.013277764432132244,0.12845093705212673,0.30151012539863586,0.03768876821175248,0.29340983473291427,535,"S tropics"
"1999-01-15",0.010627768002450466,0.1283795286579248,0.361187607049942,0.04270959157021925,0.3326822587425259,535,"S tropics"
"1999-02-15",0.016200894489884377,0.12113661860054901,0.3547608554363251,0.039705556454372216,0.327775010670409,535,"S tropics"
"1999-03-15",0.01605040393769741,0.11358069989516914,0.4089394509792328,0.03782891600224976,0.33305760606480217,535,"S tropics"
"1999-04-15",0.010627824813127518,0.10797246241959456,0.43725529313087463,0.03918307590023414,0.36289878939653875,535,"S tropics"
"1999-05-15",0.009260667487978935,0.10887075014342777,0.32775622606277466,0.03628302480338547,0.3332669679926494,535,"S tropics"
"1999-06-15",0.007748303469270468,0.1127218449531802,0.3117716908454895,0.038054143080612085,0.3375933307019428,535,"S tropics"
"1999-07-15",0.010672993026673794,0.11720393557171123,0.3160970211029053,0.038492576218681296,0.3284239222080526,535,"S tropics"
"1999-08-15",0.013973947614431381,0.12507782671774656,0.3343183994293213,0.03428337065620779,0.27409630912097965,535,"S tropics"
"1999-09-15",0.015168397687375546,0.12973647175931208,0.3226062059402466,0.03405093080215868,0.26246228481787437,535,"S tropics"
"1999-10-15",0.013484797440469265,0.12890444058646394,0.287272572517395,0.03350858316576897,0.25994902125418057,535,"S tropics"
"1999-11-15",0.011595020070672035,0.12337665938397989,0.28847458958625793,0.03419583742947165,0.2771661803797541,535,"S tropics"
"1999-12-15",0.011142152361571789,0.11927836538579706,0.2825641334056854,0.03417672326991472,0.2865291049166597,535,"S tropics"
"2000-01-15",0.015459420159459114,0.11850135436055258,0.2978990375995636,0.03250477238149066,0.2742987416210581,535,"S tropics"
"2000-02-15",0.01848001405596733,0.11770052088894577,0.662104606628418,0.041045068311887506,0.34872461057852794,535,"S tropics"
"2000-03-15",0.015757830813527107,0.1064811843682394,0.5670776963233948,0.03719324387123441,0.3492940475061827,535,"S tropics"
"2000-04-15",0.0,0.10274593737846782,0.3012905716896057,0.03187927722899875,0.31027287348180443,535,"S tropics"
"2000-05-15",0.0,0.10843779944127127,0.3059869408607483,0.03517107372588511,0.32434330009558504,535,"S tropics"
"2000-06-15",0.01225142739713192,0.11523015048250419,0.31652435660362244,0.03843943678487937,0.33358835880992593,535,"S tropics"
"2000-07-15",0.028471119701862335,0.11797808869698337,0.3099542558193207,0.038394113033718286,0.3254342688355486,535,"S tropics"
"2000-08-15",0.021883998066186905,0.12210749556249546,0.3135092556476593,0.03725620940745473,0.30510992986820157,535,"S tropics"
"2000-09-15",0.013728086836636066,0.12537686036743015,0.3091718256473541,0.03458983279564945,0.27588689567022406,535,"S tropics"
"2000-10-15",0.01307979878038168,0.125765313011394,0.28166791796684265,0.030321219813259297,0.2410936615767201,535,"S tropics"
"2000-11-15",0.012410168536007404,0.12710610675651618,0.26620927453041077,0.02908080562053138,0.22879156920633584,535,"S tropics"
"2000-12-15",0.0,0.13135706688686508,0.35937801003456116,0.03499345663780823,0.2663994976984932,535,"S tropics"
"2001-01-15",0.015415315516293049,0.13347193757681355,0.4322309195995331,0.03852574310758155,0.2886430197014998,535,"S tropics"
"2001-02-15",0.016045520082116127,0.1268129119841017,0.40289875864982605,0.03719744432773908,0.2933253699938888,535,"S tropics"
"2001-03-15",0.011778632178902626,0.11132603019963351,0.2896600067615509,0.030970042528233543,0.27819228326651946,535,"S tropics"
"2001-04-15",0.0,0.10046190741672147,0.29066604375839233,0.02886646710002154,0.28733743806278594,535,"S tropics"
"2001-05-15",0.014929999597370625,0.10137126867911804,0.3102351725101471,0.029386148080539184,0.2898863599464113,535,"S tropics"
"2001-06-15",0.005957175511866808,0.10214524666091125,0.2960025370121002,0.029574459669374987,0.2895333912849856,535,"S tropics"
"2001-07-15",0.007932564243674278,0.10662136976476581,0.29819050431251526,0.030258914025434486,0.2837978361391665,535,"S tropics"
"2001-08-15",0.013784501701593399,0.11134720177293946,0.30967965722084045,0.030354078236148066,0.2726074634371725,535,"S tropics"
"2001-09-15",0.0,0.12120599609007614,0.3459482192993164,0.030637492072177707,0.2527720827392811,535,"S tropics"
"2001-10-15",0.013132328167557716,0.12992905105733982,0.5391488075256348,0.03568611033805873,0.27465843895303954,535,"S tropics"
"2001-11-15",0.011651325039565563,0.1331092356225457,0.31572240591049194,0.03391727390567521,0.25480781815811426,535,"S tropics"
"2001-12-15",0.011702392250299454,0.13334160651141228,0.2744739055633545,0.03610492977082668,0.2707701723072954,535,"S tropics"
"2002-01-15",0.015604866668581963,0.1303890498128728,0.2872583568096161,0.03546342715166919,0.2719816365144493,535,"S tropics"
"2002-02-15",0.02077428065240383,0.12628185656095775,0.3130500316619873,0.035360838960902995,0.2800151971461862,535,"S tropics"
"2002-03-15",0.01605040393769741,0.11333183072437751,0.2941455841064453,0.03178110826358858,0.2804252614685109,535,"S tropics"
"2002-04-15",0.010628269985318184,0.10576861961353039,0.3150673508644104,0.031196699653910028,0.29495231920299364,535,"S tropics"
"2002-05-15",0.009352314285933971,0.10246238175292174,0.32508161664009094,0.03130253193864759,0.30550267720821345,535,"S tropics"
"2002-06-15",0.007845325395464897,0.10363127059677493,0.32171815633773804,0.03209467596287463,0.3097006895510691,535,"S tropics"
"2002-07-15",0.0,0.11090787020729516,0.31047624349594116,0.03319755269281252,0.29932549088503635,535,"S tropics"
"2002-08-15",0.00556294247508049,0.11951316009823959,0.4169599413871765,0.03470201095895774,0.29036142070406934,535,"S tropics"
"2002-09-15",0.01341459434479475,0.12572918939360672,0.3982621431350708,0.03453610597085842,0.274686460140453,535,"S tropics"
"2002-10-15",0.003275564406067133,0.1347777590947662,0.39327165484428406,0.03791806455886861,0.2813376985457023,535,"S tropics"
"2002-11-15",0.011542584747076035,0.138296062645511,0.3242369294166565,0.037068580565980135,0.2680378591905151,535,"S tropics"
"2002-12-15",0.011491834186017513,0.13769472292754967,0.314885675907135,0.03562282105848342,0.25870868760327836,535,"S tropics"
"2003-01-15",0.015310120768845081,0.13492978241155357,0.3142791986465454,0.036182699236781836,0.26815947220918096,535,"S tropics"
"2003-02-15",0.01938563585281372,0.1278802025889126,0.35596412420272827,0.03680587004924048,0.28781523100614476,535,"S tropics"
"2003-03-15",0.01596205122768879,0.11594419050091341,0.3308219909667969,0.03446673645217382,0.29727005987335164,535,"S tropics"
"2003-04-15",0.010627824813127518,0.10651342673140149,0.3278608024120331,0.03423054069778704,0.32137301134914525,535,"S tropics"
"2003-05-15",0.009254459291696548,0.10423279427618634,0.3204766511917114,0.0338479995885666,0.3247346463616751,535,"S tropics"
"2003-06-15",0.007727207150310278,0.10508639188135199,0.32844746112823486,0.033131960061003926,0.31528306822458646,535,"S tropics"
"2003-07-15",0.021098235622048378,0.10842937734848437,0.31922298669815063,0.03517241642393074,0.32438087614290245,535,"S tropics"
"2003-08-15",0.025058472529053688,0.11821969562671451,0.30535241961479187,0.03506823045866556,0.29663610849917527,535,"S tropics"
"2003-09-15",0.015232658945024014,0.12776494106782657,0.3608856201171875,0.03543460088430168,0.2773421299156747,535,"S tropics"
"2003-10-15",0.016420414671301842,0.13290229295946185,0.3004339933395386,0.03502166164520514,0.26351435227598013,535,"S tropics"
"2003-11-15",0.014880415983498096,0.13635859778586107,0.28114116191864014,0.03570118637517773,0.26181837416107223,535,"S tropics"
"2003-12-15",0.015010145492851734,0.1365436835632286,0.30603277683258057,0.03603917809682841,0.26393881544978187,535,"S tropics"
"2004-01-15",0.017012707889080048,0.13346432360393967,0.4030430316925049,0.03902896876525379,0.2924299746280789,535,"S tropics"
"2004-02-15",0.0,0.1258116666680185,0.3953549563884735,0.03953843075998312,0.3142668069433806,535,"S tropics"
"2004-03-15",0.028778767213225365,0.11440170333137581,0.35277417302131653,0.035534953500517365,0.3106155980701342,535,"S tropics"
"2004-04-15",0.0030933532398194075,0.10542009447910178,0.33876562118530273,0.03154208942560096,0.29920376737903404,535,"S tropics"
"2004-05-15",0.009190966375172138,0.10560293543178619,0.3352694511413574,0.03165592684897717,0.2997637018283947,535,"S tropics"
"2004-06-15",0.007758014369755983,0.10667663324606885,0.32058608531951904,0.03292547872508811,0.30864752404717877,535,"S tropics"
"2004-07-15",0.011536361649632454,0.10983877951784111,0.31649553775787354,0.03402743051095661,0.3097943245575624,535,"S tropics"
"2004-08-15",0.013785075396299362,0.11642331892502653,0.31515994668006897,0.033907139905195734,0.2912401073794419,535,"S tropics"
"2004-09-15",0.015486903488636017,0.12784469016244482,0.4004862904548645,0.032586878564312693,0.2548942668084724,535,"S tropics"
"2004-10-15",0.014583593234419823,0.13275479107886276,0.45737001299858093,0.03702341851749693,0.2788857427789799,535,"S tropics"
"2004-11-15",0.0141152860596776,0.1321454807297788,0.28278422355651855,0.03336465289690785,0.25248425230019367,535,"S tropics"
"2004-12-15",0.013580502942204475,0.13399572528063128,0.39174968004226685,0.036660877050713275,0.27359736270640944,535,"S tropics"
"2005-01-15",0.0,0.12958044463716378,0.3917396664619446,0.0374489755800136,0.28900175242393944,535,"S tropics"
"2005-02-15",0.0,0.12426582686951218,0.5600016713142395,0.04196891533135973,0.33773497017349774,535,"S tropics"
"2005-03-15",0.01605040393769741,0.11535749823969098,0.3055106997489929,0.03411944591697278,0.29577137539927445,535,"S tropics"
"2005-04-15",0.011002940125763416,0.10775361995378108,0.3368106782436371,0.032443166257443555,0.3010865553413375,535,"S tropics"
"2005-05-15",0.009634547866880894,0.10608183167631102,0.3338445723056793,0.03176162812743093,0.29940686002053235,535,"S tropics"
"2005-06-15",0.0,0.10897148289482728,0.3254373073577881,0.03393245469984587,0.3113883907828935,535,"S tropics"
"2005-07-15",0.010484559461474419,0.1138799160266313,0.31052282452583313,0.03617229869766661,0.31763545285024236,535,"S tropics"
"2005-08-15",0.013837339356541634,0.1253530312399162,0.3232819437980652,0.03373914765242379,0.26915302580796485,535,"S tropics"
"2005-09-15",0.01607201062142849,0.13314469430560816,0.32014521956443787,0.03160663434938005,0.2373856090490025,535,"S tropics"
"2005-10-15",0.016215665265917778,0.13677919301265318,0.30907052755355835,0.034911338483977636,0.2552386639738988,535,"S tropics"
"2005-11-15",0.011595020070672035,0.13963078118025138,0.2972894608974457,0.03799185331794467,0.27208795221807464,535,"S tropics"
"2005-12-15",0.011084201745688915,0.13932031172144904,0.3341107666492462,0.03624805015157723,0.2601777853041988,535,"S tropics"
